,r2_S&P 500,r2_Nasdaq-100,r2_Technology,r2_Financials,r2_Industrials
2020-07-06,0.8557,0.8918,0.8992,0.7085,0.7198
2020-07-07,0.8563,0.8921,0.8992,0.7094,0.7215
2020-07-08,0.8578,0.8939,0.9002,0.7103,0.7225
2020-07-09,0.8601,0.896,0.9021,0.7127,0.7234
2020-07-10,0.8586,0.8965,0.9025,0.7088,0.7181
2020-07-13,0.8569,0.8958,0.9027,0.7019,0.7162
2020-07-14,0.8569,0.8954,0.9026,0.6995,0.7136
2020-07-15,0.8571,0.8951,0.9026,0.6992,0.7136
2020-07-16,0.856,0.8954,0.9026,0.6968,0.7091
2020-07-17,0.8571,0.8958,0.9028,0.6968,0.7098
2020-07-20,0.857,0.8957,0.9027,0.6962,0.7096
2020-07-21,0.8569,0.8946,0.9025,0.6942,0.7053
2020-07-22,0.8565,0.8942,0.9023,0.6911,0.7035
2020-07-23,0.8565,0.8942,0.9022,0.6911,0.7038
2020-07-24,0.8568,0.8926,0.9014,0.6899,0.7032
2020-07-27,0.8565,0.8927,0.9016,0.6888,0.7032
2020-07-28,0.8556,0.8925,0.9009,0.6847,0.7012
2020-07-29,0.8551,0.8926,0.9007,0.6831,0.7012
2020-07-30,0.8569,0.8946,0.9032,0.6852,0.7048
2020-07-31,0.8544,0.8938,0.9029,0.6809,0.7012
2020-08-03,0.8531,0.8905,0.8966,0.6807,0.7003
2020-08-04,0.8529,0.8909,0.8963,0.6801,0.7003
2020-08-05,0.8526,0.8899,0.8952,0.68,0.6992
2020-08-06,0.852,0.8917,0.8963,0.6779,0.696
2020-08-07,0.8515,0.8906,0.8954,0.6779,0.6959
2020-08-10,0.8521,0.8921,0.8961,0.6746,0.6922
2020-08-11,0.8519,0.8919,0.896,0.6744,0.6885
2020-08-12,0.8534,0.8931,0.8987,0.6725,0.6878
2020-08-13,0.8531,0.8937,0.8989,0.6688,0.6848
2020-08-14,0.8528,0.8929,0.8984,0.6687,0.6849
2020-08-17,0.853,0.8931,0.8987,0.6687,0.6848
2020-08-18,0.8533,0.894,0.8991,0.6661,0.684
2020-08-19,0.8544,0.8931,0.8991,0.6667,0.6863
2020-08-20,0.8548,0.893,0.8989,0.6673,0.6871
2020-08-21,0.8549,0.8888,0.8955,0.6691,0.6896
2020-08-24,0.8532,0.8872,0.8937,0.6677,0.6883
2020-08-25,0.8525,0.8865,0.8932,0.6652,0.6863
2020-08-26,0.8526,0.8867,0.8932,0.6653,0.6861
2020-08-27,0.8501,0.8836,0.8904,0.6617,0.6828
2020-08-28,0.853,0.8863,0.8908,0.6671,0.6892
2020-08-31,0.8537,0.8893,0.894,0.6647,0.6873
2020-09-01,0.8525,0.8878,0.8932,0.6621,0.6855
2020-09-02,0.8502,0.8863,0.892,0.6595,0.6819
2020-09-03,0.8498,0.8845,0.8894,0.6573,0.6812
2020-09-04,0.8512,0.8861,0.8911,0.6502,0.682
2020-09-08,0.8446,0.8801,0.8855,0.6306,0.6649
2020-09-09,0.842,0.8777,0.8847,0.6237,0.6572
2020-09-10,0.8391,0.8749,0.8822,0.6161,0.6498
2020-09-11,0.8248,0.8626,0.8707,0.5867,0.6197
2020-09-14,0.81,0.8504,0.8625,0.5513,0.5963
2020-09-15,0.7674,0.8154,0.83,0.4753,0.5341
2020-09-16,0.7541,0.8024,0.8194,0.4566,0.5242
2020-09-17,0.7389,0.8078,0.8242,0.4177,0.4897
2020-09-18,0.7423,0.807,0.8279,0.4157,0.4932
2020-09-21,0.7462,0.8094,0.8309,0.4087,0.489
2020-09-22,0.7941,0.8214,0.8516,0.4588,0.5315
2020-09-23,0.765,0.7974,0.8298,0.3868,0.4649
2020-09-24,0.7796,0.7964,0.831,0.4028,0.5086
2020-09-25,0.7677,0.7852,0.8213,0.3772,0.4828
2020-09-28,0.7599,0.7758,0.8125,0.3688,0.4671
2020-09-29,0.7588,0.7749,0.8121,0.3697,0.4689
2020-09-30,0.7558,0.7737,0.8102,0.3645,0.4657
2020-10-01,0.7419,0.7617,0.7996,0.3367,0.4445
2020-10-02,0.738,0.7609,0.7972,0.3306,0.4388
2020-10-05,0.7355,0.7632,0.7991,0.3173,0.421
2020-10-06,0.6963,0.7332,0.7684,0.2675,0.3685
2020-10-07,0.694,0.7295,0.7667,0.2698,0.3689
2020-10-08,0.6918,0.7282,0.7644,0.2612,0.3621
2020-10-09,0.7209,0.7347,0.7703,0.3043,0.3763
2020-10-12,0.7302,0.7354,0.7722,0.3177,0.3912
2020-10-13,0.7216,0.7204,0.7615,0.3268,0.3882
2020-10-14,0.7155,0.7207,0.7573,0.3134,0.3782
2020-10-15,0.7208,0.7186,0.7592,0.3305,0.3905
2020-10-16,0.736,0.7184,0.7599,0.3415,0.404
2020-10-19,0.7328,0.7172,0.7579,0.3369,0.3953
2020-10-20,0.7162,0.7015,0.7421,0.3224,0.3853
2020-10-21,0.7162,0.699,0.7333,0.3316,0.3992
2020-10-22,0.7177,0.6991,0.7325,0.3319,0.4044
2020-10-23,0.7147,0.6975,0.7302,0.3261,0.4036
2020-10-26,0.7133,0.6967,0.73,0.3251,0.402
2020-10-27,0.7167,0.7033,0.7344,0.3342,0.4167
2020-10-28,0.7082,0.6895,0.7215,0.323,0.4126
2020-10-29,0.7194,0.7159,0.7416,0.3229,0.4192
2020-10-30,0.7092,0.7111,0.7396,0.3069,0.4063
2020-11-02,0.711,0.7103,0.7406,0.3065,0.4104
2020-11-03,0.7073,0.7095,0.7396,0.308,0.4057
2020-11-04,0.7175,0.7115,0.741,0.3218,0.4181
2020-11-05,0.7238,0.7169,0.7478,0.3022,0.3928
2020-11-06,0.7227,0.721,0.754,0.3047,0.3927
2020-11-09,0.7183,0.7195,0.7532,0.3007,0.3911
2020-11-10,0.6961,0.7153,0.7501,0.2284,0.3554
2020-11-11,0.6809,0.7164,0.7498,0.2135,0.3239
2020-11-12,0.672,0.7206,0.7534,0.1982,0.3043
2020-11-13,0.6863,0.7347,0.7672,0.2002,0.3072
2020-11-16,0.6742,0.7408,0.7684,0.1788,0.2789
2020-11-17,0.6772,0.7372,0.7657,0.1833,0.2845
2020-11-18,0.675,0.7366,0.765,0.1769,0.2799
2020-11-19,0.6765,0.7382,0.7653,0.1789,0.286
2020-11-20,0.6758,0.7381,0.7652,0.1789,0.2852
2020-11-23,0.6763,0.7417,0.7675,0.1825,0.2912
2020-11-24,0.6755,0.7393,0.7649,0.1821,0.2915
2020-11-25,0.6759,0.7451,0.7707,0.1744,0.2875
2020-11-27,0.6813,0.7429,0.7713,0.1838,0.2982
2020-11-30,0.6831,0.745,0.7715,0.1848,0.2968
2020-12-01,0.6778,0.7465,0.773,0.1778,0.2899
2020-12-02,0.6773,0.7574,0.7807,0.1694,0.2746
2020-12-03,0.6801,0.7629,0.7865,0.1682,0.2739
2020-12-04,0.6772,0.7606,0.7839,0.1596,0.2649
2020-12-07,0.6835,0.7537,0.7812,0.1653,0.2735
2020-12-08,0.6843,0.7549,0.7818,0.1657,0.2775
2020-12-09,0.6862,0.7569,0.7862,0.1725,0.2843
2020-12-10,0.6465,0.741,0.7654,0.102,0.2031
2020-12-11,0.6456,0.74,0.7644,0.0992,0.201
2020-12-14,0.6437,0.7382,0.7627,0.0995,0.1986
2020-12-15,0.6354,0.7365,0.7601,0.0937,0.1876
2020-12-16,0.64,0.7374,0.7619,0.0982,0.1921
2020-12-17,0.6399,0.7373,0.7619,0.0981,0.1916
2020-12-18,0.6384,0.737,0.7603,0.0972,0.19
2020-12-21,0.6389,0.7375,0.7638,0.0991,0.1902
2020-12-22,0.6396,0.7383,0.7634,0.0969,0.1913
2020-12-23,0.6355,0.7336,0.7563,0.0862,0.1781
2020-12-24,0.6353,0.734,0.7578,0.0824,0.1761
2020-12-28,0.6334,0.7304,0.7548,0.0717,0.1676
2020-12-29,0.6302,0.7262,0.7498,0.0706,0.168
2020-12-30,0.6271,0.7231,0.7482,0.0678,0.1688
2020-12-31,0.6356,0.7332,0.7471,0.0659,0.1679
2021-01-04,0.6347,0.7332,0.7474,0.066,0.1668
2021-01-05,0.6259,0.7276,0.7435,0.0622,0.1616
2021-01-06,0.6235,0.7257,0.7393,0.0585,0.159
2021-01-07,0.6188,0.7231,0.7353,0.0501,0.1526
2021-01-08,0.6325,0.7267,0.7418,0.0591,0.1626
2021-01-11,0.6392,0.7253,0.7408,0.0647,0.1659
2021-01-12,0.6278,0.7087,0.7307,0.066,0.168
2021-01-13,0.6253,0.7084,0.7277,0.066,0.164
2021-01-14,0.6311,0.7079,0.7286,0.0683,0.1719
2021-01-15,0.6169,0.6929,0.7098,0.0682,0.171
2021-01-19,0.6185,0.6915,0.7096,0.0744,0.1774
2021-01-20,0.613,0.6888,0.7039,0.0753,0.1846
2021-01-21,0.6007,0.6689,0.6885,0.0795,0.188
2021-01-22,0.599,0.6693,0.6904,0.0762,0.1833
2021-01-25,0.5943,0.664,0.6856,0.0788,0.1844
2021-01-26,0.5918,0.661,0.6819,0.0782,0.1809
2021-01-27,0.5923,0.6521,0.6755,0.088,0.1867
2021-01-28,0.6109,0.6571,0.6652,0.1098,0.2019
2021-01-29,0.6092,0.6533,0.6589,0.1101,0.2021
2021-02-01,0.6234,0.6594,0.6646,0.1256,0.2193
2021-02-02,0.635,0.6774,0.6909,0.1295,0.221
2021-02-03,0.6358,0.6774,0.6915,0.1336,0.2247
2021-02-04,0.6285,0.6751,0.689,0.1321,0.2229
2021-02-05,0.6298,0.6753,0.6882,0.1342,0.229
2021-02-08,0.6289,0.6779,0.6938,0.1341,0.2273
2021-02-09,0.6288,0.6697,0.6894,0.1458,0.2399
2021-02-10,0.6294,0.6697,0.6894,0.1464,0.2484
2021-02-11,0.6277,0.669,0.6887,0.1505,0.2516
2021-02-12,0.6086,0.6515,0.6789,0.1494,0.2448
2021-02-16,0.6093,0.6546,0.6809,0.149,0.2443
2021-02-17,0.6087,0.6536,0.6798,0.1487,0.2446
2021-02-18,0.604,0.6517,0.6802,0.1514,0.2473
2021-02-19,0.6064,0.6576,0.6826,0.1519,0.2477
2021-02-22,0.5946,0.6431,0.6723,0.1541,0.2527
2021-02-23,0.5949,0.665,0.6903,0.1404,0.2398
2021-02-24,0.5932,0.6648,0.6914,0.1397,0.2384
2021-02-25,0.595,0.6595,0.6918,0.1451,0.2465
2021-02-26,0.6118,0.6731,0.7038,0.1577,0.2622
2021-03-01,0.6008,0.679,0.7095,0.1452,0.2504
2021-03-02,0.6114,0.6855,0.7174,0.1618,0.2635
2021-03-03,0.6105,0.6887,0.7186,0.1624,0.2601
2021-03-04,0.6153,0.6985,0.7251,0.1547,0.2551
2021-03-05,0.6126,0.6907,0.7235,0.1608,0.2634
2021-03-08,0.614,0.6939,0.7287,0.1628,0.2665
2021-03-09,0.5692,0.6804,0.7115,0.1332,0.211
2021-03-10,0.5655,0.6949,0.7205,0.1136,0.1886
2021-03-11,0.5351,0.6784,0.7055,0.0907,0.1645
2021-03-12,0.53,0.6808,0.7084,0.0832,0.154
2021-03-15,0.528,0.6812,0.7101,0.0787,0.1456
2021-03-16,0.5283,0.6828,0.7119,0.076,0.149
2021-03-17,0.5231,0.6812,0.7115,0.0718,0.1403
2021-03-18,0.5228,0.6797,0.7084,0.0763,0.1425
2021-03-19,0.5307,0.6901,0.7172,0.074,0.1432
2021-03-22,0.5302,0.6945,0.715,0.0714,0.1404
2021-03-23,0.5288,0.6945,0.7149,0.066,0.1353
2021-03-24,0.5351,0.6907,0.715,0.0708,0.1484
2021-03-25,0.5367,0.6943,0.7179,0.0717,0.1446
2021-03-26,0.5325,0.693,0.7179,0.0648,0.1354
2021-03-29,0.5399,0.6885,0.7234,0.0694,0.1445
2021-03-30,0.5403,0.6894,0.7279,0.0708,0.1429
2021-03-31,0.5357,0.6862,0.7241,0.0656,0.1369
2021-04-01,0.536,0.6891,0.7266,0.0624,0.1338
2021-04-05,0.5409,0.6926,0.732,0.0653,0.1322
2021-04-06,0.5422,0.6918,0.7316,0.0666,0.1376
2021-04-07,0.5373,0.6849,0.7266,0.0707,0.1486
2021-04-08,0.531,0.6805,0.7217,0.067,0.1432
2021-04-09,0.5361,0.6848,0.7239,0.0658,0.1422
2021-04-12,0.5317,0.6814,0.7186,0.0631,0.1368
2021-04-13,0.5302,0.6806,0.719,0.0618,0.1348
2021-04-14,0.5279,0.6746,0.7145,0.0626,0.135
2021-04-15,0.5299,0.685,0.7221,0.0609,0.1341
2021-04-16,0.5327,0.686,0.7229,0.0599,0.1343
2021-04-19,0.5316,0.6857,0.7225,0.0588,0.1349
2021-04-20,0.5323,0.6863,0.7218,0.0603,0.137
2021-04-21,0.5343,0.687,0.7227,0.0633,0.1412
2021-04-22,0.5434,0.6899,0.728,0.0648,0.1445
2021-04-23,0.5483,0.6925,0.7305,0.0684,0.1471
2021-04-26,0.5497,0.694,0.7317,0.07,0.1479
2021-04-27,0.5491,0.6938,0.7313,0.0712,0.146
2021-04-28,0.5502,0.6948,0.7313,0.0704,0.1443
2021-04-29,0.5462,0.6913,0.7306,0.064,0.1371
2021-04-30,0.5457,0.6948,0.7317,0.0635,0.1383
2021-05-03,0.5525,0.6917,0.738,0.0572,0.1256
2021-05-04,0.5479,0.6898,0.7358,0.0562,0.1183
2021-05-05,0.5493,0.6966,0.7402,0.0549,0.116
2021-05-06,0.553,0.6948,0.7388,0.0554,0.12
2021-05-07,0.5535,0.6939,0.7377,0.0532,0.1165
2021-05-10,0.5469,0.7013,0.7401,0.061,0.1317
2021-05-11,0.5404,0.7025,0.7402,0.0529,0.1139
2021-05-12,0.5378,0.7051,0.7408,0.0545,0.1125
2021-05-13,0.5701,0.7176,0.7478,0.0975,0.151
2021-05-14,0.5741,0.7138,0.7437,0.1024,0.1727
2021-05-17,0.5805,0.7125,0.7424,0.1144,0.1945
2021-05-18,0.5805,0.7126,0.742,0.1115,0.1928
2021-05-19,0.5819,0.7125,0.7417,0.1113,0.1931
2021-05-20,0.5694,0.7092,0.7393,0.1013,0.1798
2021-05-21,0.5726,0.712,0.7416,0.0988,0.1779
2021-05-24,0.5767,0.7119,0.7423,0.0962,0.1759
2021-05-25,0.5797,0.714,0.7441,0.0964,0.1775
2021-05-26,0.5797,0.7141,0.7455,0.0946,0.1766
2021-05-27,0.5788,0.7167,0.7483,0.0925,0.1745
2021-05-28,0.5893,0.7188,0.7495,0.0958,0.1751
2021-06-01,0.589,0.7208,0.7499,0.0954,0.1747
2021-06-02,0.5892,0.7204,0.7496,0.0964,0.1756
2021-06-03,0.596,0.721,0.749,0.1042,0.1797
2021-06-04,0.5959,0.7216,0.7493,0.1012,0.1835
2021-06-07,0.5986,0.724,0.7517,0.1005,0.1831
2021-06-08,0.5989,0.7219,0.7512,0.1016,0.1843
2021-06-09,0.5963,0.726,0.7509,0.0987,0.179
2021-06-10,0.5982,0.7258,0.7505,0.1005,0.1805
2021-06-11,0.5987,0.7261,0.7509,0.0965,0.1776
2021-06-14,0.5941,0.7223,0.747,0.0955,0.1812
2021-06-15,0.5932,0.7239,0.7479,0.0912,0.1786
2021-06-16,0.5935,0.7245,0.7485,0.0894,0.178
2021-06-17,0.6012,0.7243,0.7492,0.0937,0.1875
2021-06-18,0.6007,0.7231,0.75,0.0808,0.1759
2021-06-21,0.6048,0.7242,0.7521,0.0885,0.1829
2021-06-22,0.5963,0.7248,0.7513,0.0872,0.1785
2021-06-23,0.5957,0.7234,0.7501,0.0864,0.1784
2021-06-24,0.5948,0.7231,0.7499,0.0883,0.1774
2021-06-25,0.5958,0.7235,0.753,0.0904,0.1792
2021-06-28,0.5953,0.7232,0.7529,0.0926,0.1806
2021-06-29,0.5911,0.7247,0.7534,0.0878,0.1745
2021-06-30,0.5955,0.7289,0.7586,0.0872,0.1737
2021-07-01,0.5955,0.7289,0.7587,0.0869,0.1727
2021-07-02,0.5891,0.7299,0.7592,0.0844,0.1675
2021-07-06,0.5887,0.7281,0.7566,0.0843,0.1675
2021-07-07,0.5981,0.7315,0.7621,0.0834,0.1714
2021-07-08,0.5911,0.7271,0.7555,0.0829,0.1624
2021-07-09,0.5952,0.7328,0.7647,0.0989,0.1756
2021-07-12,0.5888,0.7268,0.76,0.0962,0.178
2021-07-13,0.5905,0.7319,0.7591,0.0975,0.1778
2021-07-14,0.6005,0.749,0.7665,0.0977,0.1785
2021-07-15,0.6007,0.7498,0.7664,0.0977,0.1784
2021-07-16,0.6011,0.751,0.7679,0.096,0.1778
2021-07-19,0.6166,0.7657,0.7891,0.0999,0.1817
2021-07-20,0.5983,0.7622,0.7803,0.0916,0.1709
2021-07-21,0.5958,0.7612,0.7805,0.0953,0.1726
2021-07-22,0.6122,0.7827,0.7956,0.1012,0.1775
2021-07-23,0.6134,0.7783,0.7911,0.1062,0.1836
2021-07-26,0.6093,0.777,0.7905,0.1042,0.1818
2021-07-27,0.6096,0.7789,0.7921,0.1046,0.1829
2021-07-28,0.6114,0.7846,0.7967,0.1025,0.182
2021-07-29,0.5873,0.7738,0.7904,0.0797,0.1592
2021-07-30,0.5842,0.7709,0.7915,0.0776,0.1565
2021-08-02,0.5857,0.7688,0.7945,0.0712,0.1501
2021-08-03,0.573,0.7618,0.7864,0.0661,0.1426
2021-08-04,0.5727,0.7623,0.7858,0.0632,0.1395
2021-08-05,0.5692,0.763,0.7872,0.0633,0.1335
2021-08-06,0.5698,0.7629,0.7902,0.0618,0.1325
2021-08-09,0.5721,0.7654,0.7901,0.0585,0.1332
2021-08-10,0.5707,0.7686,0.791,0.0546,0.1301
2021-08-11,0.5687,0.7691,0.7915,0.0524,0.1258
2021-08-12,0.5682,0.7698,0.7919,0.0515,0.123
2021-08-13,0.5761,0.7744,0.7881,0.0552,0.1299
2021-08-16,0.5752,0.7742,0.7883,0.0529,0.1276
2021-08-17,0.5757,0.7759,0.7889,0.0528,0.1277
2021-08-18,0.5808,0.7773,0.7887,0.0562,0.1309
2021-08-19,0.5794,0.7777,0.7878,0.0574,0.1325
2021-08-20,0.5911,0.795,0.7999,0.053,0.1232
2021-08-23,0.5871,0.789,0.7928,0.0599,0.1291
2021-08-24,0.591,0.7911,0.7934,0.0629,0.1331
2021-08-25,0.5857,0.7955,0.7917,0.0554,0.1222
2021-08-26,0.5571,0.7799,0.7753,0.0429,0.1023
2021-08-27,0.574,0.7814,0.776,0.0517,0.1116
2021-08-30,0.5726,0.7815,0.7763,0.043,0.0995
2021-08-31,0.5664,0.7726,0.7685,0.0407,0.0981
2021-09-01,0.557,0.7725,0.7647,0.0455,0.1012
2021-09-02,0.5426,0.7693,0.7557,0.0389,0.0854
2021-09-03,0.5338,0.7655,0.7502,0.0326,0.073
2021-09-07,0.5441,0.7483,0.7387,0.046,0.0944
2021-09-08,0.5343,0.7208,0.7175,0.0652,0.1158
2021-09-09,0.5545,0.7233,0.7192,0.0783,0.1294
2021-09-10,0.5456,0.7084,0.7078,0.0868,0.1352
2021-09-13,0.5329,0.6951,0.6919,0.0887,0.1425
2021-09-14,0.5311,0.6891,0.6875,0.0954,0.1389
2021-09-15,0.5338,0.688,0.6864,0.0997,0.1485
2021-09-16,0.5317,0.6882,0.6911,0.099,0.1458
2021-09-17,0.5105,0.6689,0.6723,0.1112,0.1512
2021-09-20,0.5222,0.673,0.6834,0.119,0.1624
2021-09-21,0.5284,0.6756,0.6866,0.1458,0.174
2021-09-22,0.5212,0.6802,0.689,0.1366,0.1592
2021-09-23,0.5237,0.6841,0.6905,0.1462,0.1702
2021-09-24,0.5268,0.6862,0.6918,0.1531,0.1788
2021-09-27,0.5071,0.6898,0.6766,0.1405,0.1567
2021-09-28,0.5097,0.6909,0.672,0.1336,0.1581
2021-09-29,0.5361,0.7096,0.6943,0.1496,0.1708
2021-09-30,0.5322,0.7012,0.6854,0.1599,0.1762
2021-10-01,0.5116,0.6926,0.6725,0.1504,0.1722
2021-10-04,0.4939,0.6875,0.6571,0.1457,0.1621
2021-10-05,0.5063,0.6966,0.6648,0.15,0.164
2021-10-06,0.5106,0.6993,0.669,0.1563,0.1691
2021-10-07,0.5094,0.6976,0.6683,0.1573,0.1691
2021-10-08,0.5182,0.7032,0.6772,0.1601,0.1749
2021-10-11,0.5204,0.7054,0.6768,0.1599,0.1772
2021-10-12,0.5214,0.716,0.6832,0.1617,0.1786
2021-10-13,0.5206,0.716,0.6827,0.1658,0.1811
2021-10-14,0.5162,0.7131,0.6803,0.1666,0.1802
2021-10-15,0.5341,0.7228,0.6911,0.1791,0.198
2021-10-18,0.5344,0.7219,0.6921,0.181,0.1986
2021-10-19,0.5312,0.7196,0.6903,0.1742,0.1934
2021-10-20,0.528,0.7223,0.6921,0.1695,0.1853
2021-10-21,0.5192,0.7177,0.6879,0.1619,0.1816
2021-10-22,0.5136,0.7152,0.6839,0.1519,0.1762
2021-10-25,0.5167,0.7171,0.6863,0.1436,0.1784
2021-10-26,0.518,0.7152,0.6862,0.1456,0.1837
2021-10-27,0.5214,0.716,0.6833,0.1489,0.1829
2021-10-28,0.5221,0.7128,0.685,0.1501,0.1839
2021-10-29,0.5254,0.7199,0.6805,0.1507,0.1884
2021-11-01,0.5303,0.7187,0.6807,0.1525,0.1976
2021-11-02,0.5232,0.7141,0.6665,0.1586,0.2051
2021-11-03,0.5247,0.7183,0.6713,0.1577,0.2059
2021-11-04,0.526,0.7188,0.6717,0.1566,0.2023
2021-11-05,0.5151,0.7183,0.675,0.1309,0.1969
2021-11-08,0.5116,0.6931,0.6534,0.1399,0.22
2021-11-09,0.5161,0.685,0.6542,0.1437,0.2254
2021-11-10,0.4803,0.6559,0.6261,0.1373,0.1903
2021-11-11,0.4862,0.6656,0.6371,0.1306,0.1886
2021-11-12,0.4606,0.6449,0.6195,0.1197,0.1675
2021-11-15,0.4607,0.643,0.6174,0.1211,0.1684
2021-11-16,0.4585,0.6415,0.6157,0.1176,0.164
2021-11-17,0.4748,0.6527,0.6238,0.1225,0.1717
2021-11-18,0.4669,0.6418,0.615,0.1287,0.1759
2021-11-19,0.4659,0.6442,0.6167,0.1278,0.1748
2021-11-22,0.4564,0.6344,0.6061,0.1257,0.1708
2021-11-23,0.4588,0.639,0.6114,0.1152,0.1665
2021-11-24,0.4577,0.6396,0.6123,0.1099,0.1657
2021-11-26,0.458,0.6428,0.6188,0.1084,0.1658
2021-11-29,0.4795,0.657,0.6339,0.1323,0.193
2021-11-30,0.4909,0.6731,0.6519,0.1297,0.1872
2021-12-01,0.4954,0.6782,0.6551,0.1401,0.2007
2021-12-02,0.495,0.6654,0.6494,0.1465,0.2049
2021-12-03,0.4722,0.6552,0.6379,0.1399,0.1881
2021-12-06,0.4701,0.6427,0.6264,0.1387,0.1862
2021-12-07,0.4581,0.6379,0.6205,0.135,0.1804
2021-12-08,0.4877,0.6672,0.6528,0.148,0.1846
2021-12-09,0.4835,0.6609,0.6473,0.155,0.1866
2021-12-10,0.4875,0.6683,0.6517,0.1532,0.186
2021-12-13,0.4894,0.6662,0.6431,0.1599,0.1914
2021-12-14,0.4957,0.6728,0.6495,0.1667,0.2019
2021-12-15,0.4938,0.6698,0.6409,0.1651,0.2002
2021-12-16,0.5109,0.6834,0.6546,0.18,0.2175
2021-12-17,0.5008,0.7021,0.6736,0.1343,0.1929
2021-12-20,0.5056,0.7025,0.6754,0.1356,0.197
2021-12-21,0.5058,0.7048,0.6763,0.1382,0.1992
2021-12-22,0.5227,0.7157,0.6887,0.1523,0.2181
2021-12-23,0.5216,0.7151,0.6892,0.1492,0.2156
2021-12-27,0.5246,0.7155,0.6894,0.1529,0.2178
2021-12-28,0.5397,0.7181,0.6954,0.1665,0.2347
2021-12-29,0.5396,0.7186,0.6959,0.167,0.2311
2021-12-30,0.5396,0.7188,0.696,0.1672,0.2324
2021-12-31,0.5534,0.7236,0.7035,0.1735,0.2421
2022-01-03,0.5544,0.726,0.7064,0.1742,0.2405
2022-01-04,0.5552,0.7296,0.7084,0.1794,0.2288
2022-01-05,0.5655,0.7325,0.7191,0.1702,0.2283
2022-01-06,0.5791,0.7414,0.7286,0.1721,0.2298
2022-01-07,0.5744,0.7396,0.7223,0.1673,0.2254
2022-01-10,0.5691,0.7401,0.7225,0.1482,0.2201
2022-01-11,0.5686,0.7406,0.725,0.1474,0.2175
2022-01-12,0.5731,0.7445,0.7327,0.1492,0.2198
2022-01-13,0.5756,0.7461,0.7335,0.1535,0.2261
2022-01-14,0.5799,0.7491,0.7364,0.1474,0.2143
2022-01-18,0.5834,0.7484,0.7415,0.1402,0.209
2022-01-19,0.6012,0.7586,0.7496,0.1583,0.2192
2022-01-20,0.6056,0.763,0.7551,0.1595,0.2215
2022-01-21,0.6137,0.7705,0.7616,0.1609,0.231
2022-01-24,0.615,0.7652,0.7636,0.1673,0.2346
2022-01-25,0.6163,0.7655,0.7638,0.1679,0.2362
2022-01-26,0.6221,0.7715,0.7699,0.1579,0.2408
2022-01-27,0.6195,0.7668,0.7764,0.16,0.235
2022-01-28,0.6044,0.7577,0.757,0.1604,0.2357
2022-01-31,0.6031,0.7511,0.7309,0.1682,0.2399
2022-02-01,0.6173,0.7659,0.7383,0.1696,0.2497
2022-02-02,0.618,0.7659,0.7377,0.1698,0.2499
2022-02-03,0.6285,0.7656,0.7367,0.1757,0.2641
2022-02-04,0.6468,0.7756,0.7479,0.1844,0.2798
2022-02-07,0.648,0.7726,0.7482,0.1919,0.276
2022-02-08,0.6475,0.7715,0.7468,0.1921,0.2757
2022-02-09,0.6527,0.7724,0.7474,0.204,0.2908
2022-02-10,0.6603,0.7771,0.7527,0.2082,0.3078
2022-02-11,0.6726,0.7871,0.7645,0.2135,0.319
2022-02-14,0.6839,0.7967,0.7737,0.2259,0.3332
2022-02-15,0.6844,0.7971,0.7755,0.2237,0.3341
2022-02-16,0.6878,0.8003,0.7795,0.2291,0.343
2022-02-17,0.687,0.7996,0.7789,0.2263,0.3394
2022-02-18,0.6959,0.805,0.7854,0.2456,0.3571
2022-02-22,0.6975,0.8063,0.7875,0.2446,0.3584
2022-02-23,0.6933,0.8037,0.7864,0.2425,0.3547
2022-02-24,0.6961,0.8047,0.7876,0.2499,0.3626
2022-02-25,0.7017,0.8081,0.7927,0.2273,0.3704
2022-02-28,0.6961,0.8098,0.795,0.2295,0.3704
2022-03-01,0.6945,0.8069,0.7943,0.2257,0.3637
2022-03-02,0.7004,0.8099,0.7996,0.2468,0.3729
2022-03-03,0.706,0.8129,0.8027,0.2585,0.3834
2022-03-04,0.7061,0.8155,0.8042,0.2579,0.3788
2022-03-07,0.7068,0.8168,0.8066,0.265,0.3779
2022-03-08,0.7197,0.8243,0.8144,0.2922,0.4027
2022-03-09,0.7047,0.8164,0.8055,0.2867,0.4
2022-03-10,0.7141,0.8216,0.8103,0.3058,0.4141
2022-03-11,0.7148,0.8228,0.8125,0.3076,0.4136
2022-03-14,0.7238,0.8281,0.8201,0.3119,0.4185
2022-03-15,0.7219,0.8311,0.8227,0.2921,0.4063
2022-03-16,0.7315,0.8366,0.8285,0.3005,0.4207
2022-03-17,0.7409,0.8434,0.8344,0.318,0.4281
2022-03-18,0.7375,0.8416,0.8343,0.3183,0.4283
2022-03-21,0.7379,0.8407,0.834,0.3168,0.4263
2022-03-22,0.7358,0.8393,0.8325,0.3106,0.4216
2022-03-23,0.7328,0.8325,0.8301,0.3097,0.4233
2022-03-24,0.7339,0.8333,0.8304,0.3117,0.4248
2022-03-25,0.7356,0.8331,0.8323,0.3098,0.4225
2022-03-28,0.7341,0.8332,0.8323,0.3074,0.421
2022-03-29,0.7341,0.8315,0.833,0.3098,0.4208
2022-03-30,0.7299,0.8289,0.83,0.301,0.4178
2022-03-31,0.7318,0.8292,0.8318,0.3037,0.4155
2022-04-01,0.7402,0.8302,0.8341,0.3121,0.4322
2022-04-04,0.7393,0.8279,0.8368,0.3153,0.4399
2022-04-05,0.7377,0.8248,0.835,0.3097,0.4363
2022-04-06,0.7378,0.8261,0.8352,0.3062,0.443
2022-04-07,0.7397,0.8277,0.8363,0.3076,0.4455
2022-04-08,0.7388,0.8273,0.836,0.3066,0.4443
2022-04-11,0.736,0.8282,0.837,0.298,0.446
2022-04-12,0.7363,0.8276,0.8356,0.2982,0.4459
2022-04-13,0.7364,0.828,0.8356,0.2972,0.4456
2022-04-14,0.7379,0.8289,0.8366,0.2968,0.4482
2022-04-18,0.7369,0.8288,0.8359,0.2939,0.4376
2022-04-19,0.7346,0.8261,0.8344,0.2955,0.4334
2022-04-20,0.7355,0.8266,0.8354,0.2994,0.4369
2022-04-21,0.735,0.8225,0.835,0.2969,0.4345
2022-04-22,0.7385,0.8241,0.8363,0.3031,0.4398
2022-04-25,0.7302,0.8231,0.8347,0.3084,0.4401
2022-04-26,0.7315,0.8236,0.8356,0.3156,0.4413
2022-04-27,0.7374,0.8282,0.8394,0.3281,0.4532
2022-04-28,0.736,0.8282,0.8317,0.328,0.4531
2022-04-29,0.7448,0.8356,0.8384,0.3333,0.4577
2022-05-02,0.743,0.8357,0.8405,0.3438,0.4659
2022-05-03,0.7404,0.8367,0.8404,0.3407,0.4626
2022-05-04,0.7418,0.8373,0.8436,0.3415,0.4629
2022-05-05,0.7439,0.8399,0.8457,0.353,0.4719
2022-05-06,0.7484,0.841,0.8477,0.3661,0.4867
2022-05-09,0.7526,0.8416,0.8479,0.3847,0.4887
2022-05-10,0.7592,0.8466,0.852,0.3955,0.5004
2022-05-11,0.7578,0.8492,0.853,0.3862,0.4904
2022-05-12,0.7602,0.8505,0.8534,0.388,0.4924
2022-05-13,0.7605,0.8501,0.849,0.389,0.493
2022-05-16,0.77,0.8569,0.8544,0.3945,0.5036
2022-05-17,0.7694,0.8572,0.8547,0.3951,0.5021
2022-05-18,0.7738,0.8588,0.8571,0.4079,0.5141
2022-05-19,0.7761,0.8608,0.8598,0.4204,0.5263
2022-05-20,0.7761,0.8616,0.8593,0.4208,0.5256
2022-05-23,0.7764,0.8611,0.8588,0.4243,0.5252
2022-05-24,0.769,0.858,0.8528,0.4159,0.5217
2022-05-25,0.7695,0.8585,0.853,0.4227,0.5214
2022-05-26,0.7707,0.8591,0.8535,0.429,0.5229
2022-05-27,0.7744,0.8616,0.855,0.4384,0.5315
2022-05-31,0.7779,0.8634,0.8567,0.4416,0.5386
2022-06-01,0.7774,0.8621,0.8548,0.4455,0.5439
2022-06-02,0.7797,0.8615,0.8537,0.4465,0.5495
2022-06-03,0.7837,0.865,0.8562,0.4504,0.5576
2022-06-06,0.7914,0.8667,0.8585,0.4662,0.5795
2022-06-07,0.7929,0.8703,0.8619,0.4698,0.5792
2022-06-08,0.797,0.8717,0.8633,0.4744,0.5866
2022-06-09,0.7946,0.8684,0.8599,0.4701,0.5871
2022-06-10,0.7957,0.8707,0.8622,0.4736,0.5907
2022-06-13,0.7967,0.8712,0.8626,0.4802,0.5943
2022-06-14,0.8027,0.8752,0.8691,0.4923,0.6058
2022-06-15,0.802,0.8753,0.869,0.4883,0.6035
2022-06-16,0.8027,0.8741,0.871,0.4915,0.6063
2022-06-17,0.807,0.8758,0.8725,0.5042,0.618
2022-06-21,0.8123,0.8739,0.8705,0.5312,0.6304
2022-06-22,0.8137,0.8747,0.8716,0.5423,0.6404
2022-06-23,0.8142,0.8741,0.8718,0.5454,0.6445
2022-06-24,0.8068,0.8664,0.8638,0.5395,0.6393
2022-06-27,0.8104,0.8692,0.8668,0.5488,0.6447
2022-06-28,0.81,0.8687,0.8664,0.5482,0.6451
2022-06-29,0.8085,0.8669,0.8641,0.5473,0.6444
2022-06-30,0.8054,0.8616,0.8582,0.5478,0.6475
2022-07-01,0.8055,0.8617,0.8582,0.5484,0.6447
2022-07-05,0.7815,0.8452,0.8457,0.5268,0.6248
2022-07-06,0.7815,0.8441,0.8456,0.5255,0.6148
2022-07-07,0.7818,0.8441,0.8454,0.5227,0.6246
2022-07-08,0.7822,0.8456,0.8461,0.5393,0.6391
2022-07-11,0.7799,0.8443,0.8447,0.5376,0.6371
2022-07-12,0.7813,0.8454,0.847,0.5389,0.637
2022-07-13,0.7817,0.8446,0.8448,0.5539,0.6417
2022-07-14,0.7799,0.844,0.844,0.5514,0.6388
2022-07-15,0.7741,0.8414,0.8433,0.5311,0.6306
2022-07-18,0.7751,0.8423,0.8442,0.53,0.6327
2022-07-19,0.7731,0.8417,0.8435,0.5313,0.6378
2022-07-20,0.7815,0.846,0.8471,0.551,0.6514
2022-07-21,0.7795,0.846,0.8471,0.5446,0.6524
2022-07-22,0.7801,0.8478,0.8478,0.5425,0.6518
2022-07-25,0.7802,0.8495,0.849,0.5432,0.6479
2022-07-26,0.7812,0.852,0.8493,0.5411,0.6452
2022-07-27,0.7815,0.8519,0.8496,0.542,0.6449
2022-07-28,0.7862,0.8537,0.8511,0.5577,0.6484
2022-07-29,0.7891,0.8564,0.8513,0.5586,0.6517
2022-08-01,0.7962,0.862,0.8601,0.5599,0.6473
2022-08-02,0.7987,0.8649,0.8709,0.5564,0.6466
2022-08-03,0.7984,0.863,0.8717,0.5592,0.6476
2022-08-04,0.7998,0.8638,0.8727,0.563,0.6504
2022-08-05,0.7989,0.8653,0.8743,0.5616,0.6502
2022-08-08,0.7954,0.8631,0.8724,0.5595,0.646
2022-08-09,0.7939,0.8629,0.8724,0.5609,0.6501
2022-08-10,0.7827,0.8563,0.8645,0.5418,0.6416
2022-08-11,0.7859,0.8587,0.8664,0.5459,0.6462
2022-08-12,0.7845,0.8572,0.8651,0.5438,0.6426
2022-08-15,0.7844,0.857,0.8648,0.5471,0.6424
2022-08-16,0.7828,0.8545,0.8629,0.5468,0.6398
2022-08-17,0.7817,0.8541,0.8626,0.5453,0.6379
2022-08-18,0.7841,0.8561,0.8626,0.5447,0.6379
2022-08-19,0.7816,0.8525,0.8603,0.5426,0.6373
2022-08-22,0.7799,0.8514,0.8592,0.5398,0.635
2022-08-23,0.7825,0.8531,0.8609,0.546,0.6395
2022-08-24,0.7829,0.8531,0.8605,0.545,0.6405
2022-08-25,0.7819,0.8529,0.8602,0.5423,0.639
2022-08-26,0.7814,0.8505,0.8575,0.5676,0.6403
2022-08-29,0.7906,0.8543,0.8615,0.5832,0.6549
2022-08-30,0.7905,0.8551,0.8619,0.5854,0.6578
2022-08-31,0.7891,0.8565,0.8616,0.5822,0.6535
2022-09-01,0.787,0.8563,0.8604,0.5779,0.6497
2022-09-02,0.783,0.8526,0.8592,0.5751,0.6502
2022-09-06,0.7833,0.8521,0.8583,0.5727,0.6532
2022-09-07,0.7778,0.8487,0.8549,0.5615,0.6432
2022-09-08,0.7872,0.8549,0.8619,0.5684,0.6517
2022-09-09,0.783,0.8511,0.858,0.5612,0.6461
2022-09-12,0.7854,0.852,0.8584,0.5616,0.6503
2022-09-13,0.7831,0.8507,0.8556,0.5608,0.6493
2022-09-14,0.7937,0.8557,0.8606,0.5983,0.6743
2022-09-15,0.7905,0.8533,0.8573,0.5944,0.6695
2022-09-16,0.7882,0.8496,0.8534,0.58,0.6709
2022-09-19,0.7862,0.8481,0.8515,0.5773,0.6559
2022-09-20,0.7849,0.8475,0.8509,0.5775,0.654
2022-09-21,0.785,0.8476,0.8507,0.5776,0.6543
2022-09-22,0.7835,0.8496,0.8512,0.5768,0.6532
2022-09-23,0.7818,0.8487,0.8495,0.5771,0.6546
2022-09-26,0.7827,0.8506,0.8493,0.5819,0.6592
2022-09-27,0.784,0.8498,0.8492,0.5863,0.6612
2022-09-28,0.7821,0.85,0.8488,0.5854,0.6595
2022-09-29,0.779,0.8486,0.8481,0.5869,0.6553
2022-09-30,0.7847,0.8524,0.8509,0.59,0.6651
2022-10-03,0.7838,0.8527,0.8504,0.5896,0.6643
2022-10-04,0.7926,0.8573,0.8551,0.5975,0.6681
2022-10-05,0.7976,0.8603,0.8583,0.6126,0.6796
2022-10-06,0.8005,0.8611,0.8602,0.6163,0.6768
2022-10-07,0.7992,0.86,0.859,0.6144,0.6749
2022-10-10,0.8028,0.8626,0.863,0.6198,0.6758
2022-10-11,0.803,0.8586,0.8623,0.6295,0.664
2022-10-12,0.8,0.8582,0.8628,0.6318,0.6597
2022-10-13,0.7999,0.8574,0.8626,0.6331,0.6599
2022-10-14,0.8,0.8581,0.8625,0.6328,0.6621
2022-10-17,0.8022,0.8591,0.8633,0.6341,0.6715
2022-10-18,0.8028,0.8589,0.8632,0.6346,0.6768
2022-10-19,0.7998,0.8579,0.862,0.6297,0.6651
2022-10-20,0.7968,0.8593,0.8609,0.6223,0.6629
2022-10-21,0.792,0.8567,0.8601,0.6123,0.6494
2022-10-24,0.7979,0.8584,0.8629,0.6198,0.6553
2022-10-25,0.7962,0.8571,0.861,0.6196,0.6555
2022-10-26,0.7934,0.8551,0.859,0.615,0.6523
2022-10-27,0.7944,0.8523,0.8615,0.6137,0.6515
2022-10-28,0.7907,0.8493,0.8574,0.6108,0.6465
2022-10-31,0.7917,0.8503,0.8563,0.6096,0.6456
2022-11-01,0.796,0.8506,0.8576,0.6179,0.6511
2022-11-02,0.7934,0.8464,0.8542,0.6179,0.6497
2022-11-03,0.7914,0.8441,0.8518,0.6123,0.6462
2022-11-04,0.7865,0.8406,0.8436,0.6042,0.6313
2022-11-07,0.7842,0.8364,0.8404,0.6074,0.6329
2022-11-08,0.7786,0.8319,0.8369,0.6015,0.6267
2022-11-09,0.7806,0.8306,0.8357,0.613,0.6379
2022-11-10,0.7814,0.8311,0.8367,0.6159,0.6399
2022-11-11,0.8014,0.8487,0.8583,0.6465,0.6582
2022-11-14,0.7975,0.8457,0.8561,0.647,0.6532
2022-11-15,0.7981,0.8455,0.8561,0.6458,0.6543
2022-11-16,0.7954,0.8445,0.8536,0.6343,0.6475
2022-11-17,0.7852,0.8376,0.8459,0.6203,0.6346
2022-11-18,0.7836,0.8363,0.8461,0.6177,0.634
2022-11-21,0.7834,0.8364,0.8461,0.6172,0.6364
2022-11-22,0.7888,0.8395,0.8522,0.6295,0.6365
2022-11-23,0.7901,0.8385,0.8526,0.6323,0.6386
2022-11-25,0.7899,0.8381,0.8525,0.6317,0.6385
2022-11-28,0.7859,0.8357,0.851,0.6239,0.6312
2022-11-29,0.7834,0.8331,0.8491,0.6234,0.6285
2022-11-30,0.7835,0.8328,0.8485,0.6221,0.6278
2022-12-01,0.7899,0.8393,0.8557,0.6208,0.6262
2022-12-02,0.7872,0.8364,0.8534,0.6191,0.6218
2022-12-05,0.7848,0.8347,0.852,0.6168,0.621
2022-12-06,0.7827,0.8342,0.8516,0.6125,0.62
2022-12-07,0.7839,0.8347,0.8523,0.6132,0.6224
2022-12-08,0.7831,0.8355,0.8521,0.6113,0.6209
2022-12-09,0.7807,0.8337,0.8514,0.603,0.6161
2022-12-12,0.7786,0.8322,0.8507,0.5995,0.6116
2022-12-13,0.7706,0.8262,0.8448,0.5887,0.5996
2022-12-14,0.7721,0.8267,0.8452,0.591,0.6
2022-12-15,0.772,0.8285,0.8456,0.591,0.5987
2022-12-16,0.7678,0.8259,0.8436,0.5871,0.591
2022-12-19,0.7666,0.8274,0.8435,0.5873,0.5922
2022-12-20,0.7669,0.8264,0.8426,0.5841,0.5897
2022-12-21,0.7666,0.8269,0.8421,0.5828,0.5888
2022-12-22,0.7734,0.8356,0.8502,0.5849,0.5909
2022-12-23,0.7689,0.8338,0.8484,0.5743,0.5844
2022-12-27,0.7683,0.8341,0.8487,0.574,0.584
2022-12-28,0.7666,0.8359,0.8493,0.5706,0.578
2022-12-29,0.7712,0.8428,0.8567,0.5706,0.5782
2022-12-30,0.7732,0.8444,0.8582,0.5724,0.5824
2023-01-03,0.8021,0.8658,0.8738,0.5995,0.6018
2023-01-04,0.8023,0.8686,0.8746,0.5995,0.6115
2023-01-05,0.8017,0.8657,0.8704,0.6031,0.612
2023-01-06,0.803,0.8661,0.8716,0.6027,0.6143
2023-01-09,0.8071,0.8683,0.8737,0.61,0.625
2023-01-10,0.8026,0.8671,0.8738,0.6035,0.6176
2023-01-11,0.8061,0.8697,0.8779,0.6055,0.6186
2023-01-12,0.8079,0.8692,0.8779,0.61,0.6262
2023-01-13,0.8142,0.8714,0.8785,0.6355,0.636
2023-01-17,0.8135,0.8703,0.8777,0.6392,0.6332
2023-01-18,0.8144,0.8707,0.8782,0.6376,0.631
2023-01-19,0.8055,0.8666,0.8748,0.6235,0.6165
2023-01-20,0.8054,0.8639,0.8729,0.6283,0.6201
2023-01-23,0.807,0.8649,0.874,0.6311,0.6221
2023-01-24,0.801,0.8628,0.8719,0.628,0.62
2023-01-25,0.8015,0.8625,0.8712,0.63,0.6187
2023-01-26,0.8008,0.8625,0.8706,0.6281,0.6166
2023-01-27,0.7967,0.8597,0.8684,0.6263,0.6142
2023-01-30,0.796,0.8547,0.867,0.6256,0.6158
2023-01-31,0.8001,0.8592,0.8696,0.626,0.623
2023-02-01,0.8014,0.8599,0.8705,0.6308,0.6242
2023-02-02,0.7943,0.858,0.8692,0.6121,0.6178
2023-02-03,0.7938,0.8514,0.8677,0.607,0.6174
2023-02-06,0.7953,0.8519,0.8672,0.6075,0.6176
2023-02-07,0.7957,0.8519,0.8678,0.6093,0.618
2023-02-08,0.7983,0.8546,0.8692,0.6118,0.6147
2023-02-09,0.8127,0.8637,0.8797,0.6349,0.6241
2023-02-10,0.8066,0.8593,0.877,0.6244,0.6146
2023-02-13,0.8024,0.8592,0.876,0.6246,0.6086
2023-02-14,0.8007,0.8576,0.8746,0.6223,0.6063
2023-02-15,0.7976,0.8582,0.8736,0.6157,0.6018
2023-02-16,0.7997,0.8583,0.8741,0.6203,0.6044
2023-02-17,0.8018,0.8596,0.8771,0.6226,0.6053
2023-02-21,0.803,0.8627,0.8796,0.6238,0.6001
2023-02-22,0.8042,0.8632,0.8802,0.6253,0.6023
2023-02-23,0.801,0.8606,0.8782,0.6191,0.5967
2023-02-24,0.7976,0.8575,0.8787,0.6131,0.5935
2023-02-27,0.7985,0.858,0.8791,0.6107,0.5941
2023-02-28,0.7975,0.8575,0.8799,0.6067,0.5897
2023-03-01,0.7884,0.8518,0.8749,0.5929,0.5727
2023-03-02,0.7882,0.8508,0.8737,0.5915,0.5724
2023-03-03,0.7879,0.8504,0.8727,0.5884,0.5718
2023-03-06,0.7865,0.849,0.8711,0.5881,0.5721
2023-03-07,0.7911,0.8512,0.8688,0.5915,0.5752
2023-03-08,0.7893,0.8514,0.8688,0.5834,0.5745
2023-03-09,0.7845,0.8478,0.8667,0.5746,0.5727
2023-03-10,0.7863,0.8496,0.8671,0.5627,0.5744
2023-03-13,0.7871,0.8508,0.8691,0.5643,0.5767
2023-03-14,0.7857,0.8488,0.8676,0.5315,0.5734
2023-03-15,0.7901,0.8519,0.8719,0.5366,0.5754
2023-03-16,0.7797,0.8399,0.8631,0.5123,0.5485
2023-03-17,0.7824,0.8424,0.8657,0.5202,0.553
2023-03-20,0.7801,0.842,0.8664,0.5131,0.5484
2023-03-21,0.7833,0.8439,0.8679,0.5159,0.5631
2023-03-22,0.7789,0.8404,0.8673,0.5054,0.5628
2023-03-23,0.7756,0.8398,0.8677,0.502,0.559
2023-03-24,0.7743,0.8411,0.8688,0.4929,0.5505
2023-03-27,0.7649,0.8352,0.8652,0.4864,0.5408
2023-03-28,0.7633,0.8354,0.8651,0.4747,0.5349
2023-03-29,0.7623,0.8364,0.8653,0.4722,0.5307
2023-03-30,0.7661,0.8382,0.867,0.4775,0.5365
2023-03-31,0.7702,0.8403,0.8671,0.4756,0.5385
2023-04-03,0.7628,0.8348,0.8633,0.4715,0.5301
2023-04-04,0.7593,0.8339,0.8626,0.4685,0.5267
2023-04-05,0.7571,0.8298,0.8598,0.4632,0.5221
2023-04-06,0.7494,0.8261,0.857,0.4472,0.5118
2023-04-10,0.7491,0.8243,0.8552,0.4487,0.5147
2023-04-11,0.7487,0.8209,0.8516,0.4493,0.5177
2023-04-12,0.7378,0.813,0.8444,0.4328,0.5047
2023-04-13,0.7394,0.8166,0.8432,0.4346,0.5128
2023-04-14,0.7382,0.8116,0.8394,0.4306,0.5182
2023-04-17,0.7381,0.8127,0.8393,0.4277,0.5172
2023-04-18,0.7379,0.8109,0.8386,0.424,0.5105
2023-04-19,0.7305,0.8053,0.8348,0.4163,0.4979
2023-04-20,0.7347,0.8101,0.8374,0.4124,0.4965
2023-04-21,0.7384,0.8101,0.8377,0.4167,0.5116
2023-04-24,0.7417,0.8105,0.839,0.4248,0.5155
2023-04-25,0.7467,0.8126,0.8395,0.4327,0.5322
2023-04-26,0.7462,0.8119,0.8389,0.4297,0.5323
2023-04-27,0.7486,0.8135,0.8388,0.4292,0.5202
2023-04-28,0.7337,0.7977,0.8305,0.4221,0.5074
2023-05-01,0.7341,0.8017,0.8348,0.4262,0.5119
2023-05-02,0.7327,0.7995,0.8332,0.4347,0.5289
2023-05-03,0.7256,0.7953,0.8328,0.4201,0.5189
2023-05-04,0.7259,0.7947,0.8323,0.4212,0.5208
2023-05-05,0.7287,0.8015,0.8375,0.4209,0.5208
2023-05-08,0.7254,0.8012,0.8363,0.4195,0.5161
2023-05-09,0.7243,0.8026,0.844,0.4176,0.5276
2023-05-10,0.7233,0.8069,0.8483,0.4081,0.5155
2023-05-11,0.7222,0.8066,0.8471,0.403,0.5102
2023-05-12,0.723,0.8065,0.8481,0.4018,0.5086
2023-05-15,0.7177,0.8026,0.8451,0.3948,0.5022
2023-05-16,0.6577,0.757,0.8087,0.3225,0.4397
2023-05-17,0.655,0.7538,0.8071,0.3193,0.4445
2023-05-18,0.6573,0.7538,0.8072,0.3245,0.4494
2023-05-19,0.6578,0.756,0.8111,0.3287,0.4493
2023-05-22,0.6638,0.7588,0.8157,0.3349,0.4521
2023-05-23,0.6664,0.7611,0.8164,0.3369,0.4531
2023-05-24,0.668,0.7619,0.8164,0.3405,0.4568
2023-05-25,0.6701,0.7597,0.8152,0.3497,0.4674
2023-05-26,0.6402,0.7531,0.8212,0.3179,0.4375
2023-05-30,0.6315,0.7517,0.8181,0.3121,0.4255
2023-05-31,0.6336,0.7502,0.8169,0.3159,0.4309
2023-06-01,0.6278,0.7449,0.8131,0.3126,0.4295
2023-06-02,0.6291,0.7463,0.8149,0.3175,0.4351
2023-06-05,0.5927,0.7271,0.8017,0.2938,0.3939
2023-06-06,0.5919,0.7246,0.8029,0.2938,0.3965
2023-06-07,0.5924,0.7219,0.7997,0.2945,0.4033
2023-06-08,0.5948,0.7142,0.7942,0.2915,0.3916
2023-06-09,0.5909,0.7115,0.7929,0.2882,0.3867
2023-06-12,0.5907,0.7115,0.793,0.2879,0.3864
2023-06-13,0.5914,0.714,0.7946,0.2858,0.387
2023-06-14,0.5912,0.7137,0.7939,0.2867,0.3867
2023-06-15,0.5889,0.7127,0.7957,0.2813,0.3814
2023-06-16,0.5717,0.7015,0.7833,0.2727,0.3675
2023-06-20,0.5705,0.701,0.7828,0.2692,0.368
2023-06-21,0.5543,0.6887,0.7752,0.2566,0.3494
2023-06-22,0.5558,0.6923,0.7798,0.2526,0.3368
2023-06-23,0.5537,0.6896,0.7788,0.2511,0.333
2023-06-26,0.5576,0.6918,0.7813,0.2535,0.3367
2023-06-27,0.5526,0.6807,0.776,0.2484,0.3301
2023-06-28,0.5466,0.6732,0.7713,0.2488,0.3276
2023-06-29,0.5476,0.6719,0.7705,0.2499,0.3284
2023-06-30,0.5459,0.6687,0.7689,0.2461,0.3307
2023-07-03,0.5441,0.6672,0.7684,0.2475,0.3281
2023-07-05,0.5359,0.6609,0.7616,0.2414,0.3217
2023-07-06,0.5328,0.6554,0.7609,0.2397,0.3232
2023-07-07,0.5339,0.6559,0.76,0.2445,0.3277
2023-07-10,0.532,0.6601,0.7675,0.238,0.3242
2023-07-11,0.5259,0.6506,0.7622,0.2367,0.324
2023-07-12,0.5057,0.6384,0.7537,0.2167,0.2969
2023-07-13,0.5125,0.6408,0.7537,0.2216,0.2992
2023-07-14,0.5136,0.6427,0.7551,0.221,0.2966
2023-07-17,0.5129,0.6423,0.7557,0.2211,0.2957
2023-07-18,0.5107,0.6423,0.7565,0.2245,0.2946
2023-07-19,0.5084,0.6413,0.7531,0.2229,0.294
2023-07-20,0.5051,0.6403,0.7533,0.2197,0.2946
2023-07-21,0.5132,0.6537,0.7629,0.2029,0.2812
2023-07-24,0.5084,0.6477,0.7586,0.1959,0.2657
2023-07-25,0.4984,0.6416,0.7547,0.1863,0.2577
2023-07-26,0.4929,0.6344,0.7526,0.1755,0.2491
2023-07-27,0.4909,0.6343,0.7538,0.1718,0.2462
2023-07-28,0.4757,0.6261,0.7438,0.1633,0.2371
2023-07-31,0.4769,0.6287,0.7446,0.1618,0.2377
2023-08-01,0.4786,0.6355,0.747,0.1621,0.2396
2023-08-02,0.4696,0.6281,0.7421,0.1612,0.2329
2023-08-03,0.4797,0.6374,0.7496,0.1608,0.2366
2023-08-04,0.478,0.6314,0.7457,0.1698,0.237
2023-08-07,0.4718,0.6385,0.7396,0.17,0.2338
2023-08-08,0.4673,0.6357,0.7377,0.1723,0.233
2023-08-09,0.4661,0.6357,0.7369,0.1764,0.2343
2023-08-10,0.4608,0.6315,0.7335,0.1727,0.235
2023-08-11,0.4544,0.6263,0.7306,0.1708,0.2328
2023-08-14,0.4553,0.632,0.7326,0.1679,0.2303
2023-08-15,0.4607,0.6318,0.7359,0.1665,0.2332
2023-08-16,0.463,0.6339,0.7381,0.1694,0.2359
2023-08-17,0.4713,0.6366,0.7421,0.1723,0.2424
2023-08-18,0.4726,0.6375,0.7425,0.1731,0.2444
2023-08-21,0.4643,0.6305,0.7382,0.1689,0.2384
2023-08-22,0.4657,0.6338,0.7408,0.1668,0.2393
2023-08-23,0.4514,0.6234,0.733,0.1558,0.2221
2023-08-24,0.4555,0.6268,0.7348,0.1593,0.2258
2023-08-25,0.4694,0.6402,0.7395,0.1607,0.2355
2023-08-28,0.4635,0.6369,0.7364,0.163,0.2326
2023-08-29,0.4648,0.6379,0.7369,0.1642,0.2346
2023-08-30,0.474,0.6438,0.7419,0.168,0.2383
2023-08-31,0.4749,0.6472,0.7443,0.1679,0.2389
2023-09-01,0.4733,0.6469,0.7456,0.1684,0.2369
2023-09-05,0.4734,0.6481,0.7483,0.1643,0.2335
2023-09-06,0.4743,0.6502,0.754,0.1652,0.2288
2023-09-07,0.4776,0.65,0.7533,0.1623,0.2269
2023-09-08,0.4832,0.6566,0.7594,0.1673,0.2287
2023-09-11,0.4792,0.6529,0.7557,0.1581,0.2222
2023-09-12,0.471,0.6432,0.7527,0.1502,0.2141
2023-09-13,0.4726,0.6444,0.7473,0.1647,0.2155
2023-09-14,0.4625,0.6377,0.7423,0.1531,0.207
2023-09-15,0.4594,0.6442,0.7448,0.1511,0.2061
2023-09-18,0.4536,0.6395,0.7415,0.1384,0.1989
2023-09-19,0.4573,0.6388,0.7413,0.1446,0.1994
2023-09-20,0.4574,0.6395,0.7417,0.1431,0.1988
2023-09-21,0.471,0.6488,0.7445,0.1549,0.2025
2023-09-22,0.4815,0.6519,0.7464,0.1618,0.2088
2023-09-25,0.4826,0.6477,0.7423,0.1701,0.2151
2023-09-26,0.4991,0.657,0.7505,0.1707,0.2212
2023-09-27,0.5057,0.6586,0.7509,0.1889,0.2354
2023-09-28,0.5041,0.6575,0.7495,0.1878,0.2396
2023-09-29,0.4949,0.6516,0.7434,0.1792,0.2293
2023-10-02,0.4913,0.6496,0.7418,0.1792,0.2278
2023-10-03,0.4986,0.6552,0.7437,0.1756,0.2238
2023-10-04,0.5094,0.6587,0.7471,0.1851,0.2289
2023-10-05,0.5088,0.6609,0.7486,0.1826,0.2223
2023-10-06,0.5089,0.6585,0.7457,0.1813,0.2168
2023-10-09,0.5176,0.6669,0.752,0.187,0.224
2023-10-10,0.5157,0.672,0.7573,0.1869,0.2116
2023-10-11,0.5175,0.6724,0.7561,0.1932,0.2161
2023-10-12,0.5167,0.6701,0.7563,0.1931,0.2222
2023-10-13,0.5179,0.6769,0.7628,0.1908,0.2188
2023-10-16,0.5186,0.6814,0.7671,0.1874,0.2251
2023-10-17,0.5213,0.6827,0.7686,0.194,0.2301
2023-10-18,0.5208,0.6837,0.769,0.1911,0.2281
2023-10-19,0.5261,0.6879,0.7711,0.2006,0.2352
2023-10-20,0.531,0.6926,0.773,0.2056,0.239
2023-10-23,0.5341,0.6945,0.7722,0.2096,0.2425
2023-10-24,0.5352,0.6924,0.7712,0.2101,0.2442
2023-10-25,0.5237,0.6853,0.7649,0.1971,0.2303
2023-10-26,0.5413,0.698,0.7656,0.1992,0.2558
2023-10-27,0.5614,0.7155,0.7704,0.2028,0.2639
2023-10-30,0.551,0.7155,0.7693,0.1824,0.2522
2023-10-31,0.524,0.6983,0.7525,0.1659,0.2365
2023-11-01,0.5277,0.6989,0.7535,0.1693,0.2369
2023-11-02,0.5314,0.7017,0.7555,0.1695,0.2361
2023-11-03,0.5342,0.7046,0.7581,0.1786,0.2445
2023-11-06,0.5368,0.7048,0.7587,0.1777,0.2423
2023-11-07,0.5361,0.7035,0.7566,0.1778,0.2435
2023-11-08,0.5348,0.7016,0.754,0.1757,0.2464
2023-11-09,0.5339,0.7016,0.7535,0.1791,0.2489
2023-11-10,0.5322,0.7034,0.7532,0.1794,0.2481
2023-11-13,0.5454,0.7127,0.7615,0.1888,0.2614
2023-11-14,0.5481,0.7177,0.7647,0.1847,0.2592
2023-11-15,0.5634,0.7251,0.7695,0.2014,0.2792
2023-11-16,0.5581,0.7223,0.767,0.1924,0.2709
2023-11-17,0.5532,0.7169,0.7614,0.1879,0.2674
2023-11-20,0.5527,0.7158,0.7592,0.1878,0.2675
2023-11-21,0.5547,0.7168,0.7597,0.1886,0.268
2023-11-22,0.5531,0.7167,0.7614,0.1844,0.2634
2023-11-24,0.5493,0.7165,0.7604,0.178,0.2573
2023-11-27,0.5691,0.7133,0.7386,0.2023,0.2774
2023-11-28,0.5732,0.7078,0.7307,0.2033,0.286
2023-11-29,0.5723,0.707,0.7308,0.2034,0.2866
2023-11-30,0.5676,0.7063,0.7289,0.1964,0.2763
2023-12-01,0.5597,0.7043,0.7257,0.1847,0.2624
2023-12-04,0.5797,0.7085,0.7281,0.1985,0.2901
2023-12-05,0.5824,0.7154,0.7283,0.196,0.2843
2023-12-06,0.5829,0.7173,0.7276,0.1937,0.2829
2023-12-07,0.5841,0.7318,0.7374,0.1954,0.2908
2023-12-08,0.5853,0.7354,0.7382,0.1981,0.2854
2023-12-11,0.5859,0.7358,0.7387,0.1992,0.2868
2023-12-12,0.5729,0.7236,0.7237,0.2095,0.2905
2023-12-13,0.5715,0.7226,0.7238,0.2085,0.2878
2023-12-14,0.5752,0.7236,0.7235,0.2192,0.2971
2023-12-15,0.5933,0.7208,0.718,0.2371,0.3248
2023-12-18,0.5912,0.7198,0.717,0.2338,0.3239
2023-12-19,0.5857,0.7165,0.7152,0.2311,0.3222
2023-12-20,0.5843,0.712,0.7103,0.2327,0.3384
2023-12-21,0.595,0.7211,0.7167,0.2542,0.3584
2023-12-22,0.5958,0.7203,0.7149,0.2579,0.3608
2023-12-26,0.5989,0.7344,0.7197,0.2586,0.3621
2023-12-27,0.5931,0.7286,0.7102,0.2555,0.3552
2023-12-28,0.5943,0.7312,0.7115,0.2546,0.3557
2023-12-29,0.5955,0.7315,0.7113,0.2633,0.3599
2024-01-02,0.5944,0.7315,0.7108,0.2611,0.3569
2024-01-03,0.5911,0.7384,0.726,0.242,0.3667
2024-01-04,0.6003,0.7511,0.7296,0.2481,0.3731
2024-01-05,0.599,0.7504,0.7312,0.242,0.3686
2024-01-08,0.5997,0.7509,0.7314,0.2424,0.3688
2024-01-09,0.6129,0.7672,0.7449,0.2435,0.3633
2024-01-10,0.6161,0.7683,0.745,0.2464,0.3697
2024-01-11,0.6084,0.7616,0.7371,0.2434,0.3733
2024-01-12,0.6048,0.7592,0.7343,0.2418,0.3753
2024-01-16,0.6059,0.7616,0.7342,0.2393,0.3743
2024-01-17,0.5986,0.7563,0.7292,0.2242,0.3576
2024-01-18,0.6032,0.7597,0.7347,0.2273,0.3602
2024-01-19,0.6118,0.7649,0.7424,0.2263,0.3734
2024-01-22,0.6219,0.7622,0.7433,0.2707,0.4014
2024-01-23,0.6235,0.7668,0.7455,0.2734,0.4044
2024-01-24,0.6257,0.7672,0.7457,0.2771,0.404
2024-01-25,0.6246,0.7669,0.7445,0.2888,0.3983
2024-01-26,0.6236,0.7672,0.7413,0.295,0.4036
2024-01-29,0.6376,0.7754,0.7565,0.3074,0.4173
2024-01-30,0.6341,0.7732,0.7545,0.3099,0.4164
2024-01-31,0.6312,0.7745,0.756,0.2891,0.413
2024-02-01,0.6287,0.7707,0.7521,0.294,0.4174
2024-02-02,0.6084,0.7574,0.7377,0.2864,0.401
2024-02-05,0.6092,0.7547,0.7389,0.2874,0.4033
2024-02-06,0.6002,0.7491,0.7447,0.279,0.395
2024-02-07,0.5936,0.7476,0.7462,0.2755,0.3811
2024-02-08,0.5944,0.7472,0.7461,0.2731,0.3815
2024-02-09,0.586,0.7396,0.7394,0.2604,0.3811
2024-02-12,0.5873,0.742,0.7419,0.2601,0.3779
2024-02-13,0.5958,0.7435,0.7406,0.2658,0.3874
2024-02-14,0.6044,0.7471,0.7409,0.2872,0.4035
2024-02-15,0.6039,0.7462,0.7395,0.2851,0.405
2024-02-16,0.5951,0.7425,0.7372,0.2731,0.3985
2024-02-20,0.5941,0.7412,0.7355,0.2719,0.397
2024-02-21,0.597,0.7443,0.7383,0.2739,0.3975
2024-02-22,0.5977,0.7396,0.7321,0.2839,0.4094
2024-02-23,0.6168,0.755,0.7489,0.2901,0.4152
2024-02-26,0.6107,0.7526,0.7462,0.2806,0.4038
2024-02-27,0.5922,0.7406,0.735,0.2753,0.3895
2024-02-28,0.5935,0.7414,0.7375,0.2748,0.3907
2024-02-29,0.5918,0.7416,0.7373,0.2698,0.384
2024-03-01,0.5793,0.7359,0.7331,0.2565,0.3773
2024-03-04,0.579,0.7362,0.7371,0.2382,0.3685
2024-03-05,0.5781,0.7306,0.7348,0.2405,0.3723
2024-03-06,0.5837,0.7338,0.7341,0.2403,0.3785
2024-03-07,0.5839,0.7314,0.7336,0.2438,0.3902
2024-03-08,0.5871,0.7349,0.7369,0.2311,0.3915
2024-03-11,0.5841,0.7372,0.734,0.2176,0.3815
2024-03-12,0.5841,0.7383,0.7346,0.2165,0.3832
2024-03-13,0.5918,0.7496,0.737,0.2181,0.3834
2024-03-14,0.5854,0.7502,0.745,0.209,0.3719
2024-03-15,0.5847,0.7477,0.7396,0.2147,0.3786
2024-03-18,0.5868,0.7464,0.7357,0.2151,0.3793
2024-03-19,0.5742,0.734,0.7276,0.2094,0.3756
2024-03-20,0.5667,0.7307,0.7222,0.2063,0.3664
2024-03-21,0.5683,0.7321,0.7245,0.2095,0.3682
2024-03-22,0.5615,0.7269,0.7134,0.2084,0.3702
2024-03-25,0.5584,0.7253,0.71,0.1957,0.362
2024-03-26,0.5625,0.727,0.7103,0.2017,0.3658
2024-03-27,0.563,0.7275,0.711,0.2,0.3671
2024-03-28,0.5603,0.7239,0.7085,0.1932,0.3586
2024-04-01,0.5616,0.724,0.709,0.194,0.3582
2024-04-02,0.5563,0.7222,0.7084,0.1871,0.3487
2024-04-03,0.5615,0.7247,0.7109,0.1945,0.3543
2024-04-04,0.5623,0.7263,0.7136,0.1985,0.3615
2024-04-05,0.5665,0.7293,0.7157,0.1999,0.3646
2024-04-08,0.5649,0.7296,0.7155,0.1999,0.3648
2024-04-09,0.5645,0.7291,0.7159,0.2013,0.3634
2024-04-10,0.5593,0.727,0.7142,0.1924,0.3541
2024-04-11,0.5693,0.7323,0.72,0.2012,0.3748
2024-04-12,0.5709,0.7346,0.7239,0.1865,0.369
2024-04-15,0.5828,0.7414,0.7306,0.2018,0.3799
2024-04-16,0.5872,0.7405,0.7276,0.2063,0.3888
2024-04-17,0.5837,0.7353,0.7224,0.2077,0.3785
2024-04-18,0.5845,0.7382,0.726,0.1977,0.3793
2024-04-19,0.5842,0.7383,0.728,0.1959,0.3834
2024-04-22,0.5858,0.7454,0.7342,0.1524,0.3771
2024-04-23,0.5848,0.7447,0.7347,0.15,0.3749
2024-04-24,0.5874,0.7467,0.737,0.1462,0.3758
2024-04-25,0.583,0.7484,0.7378,0.1432,0.3616
2024-04-26,0.5683,0.7335,0.7282,0.1343,0.359
2024-04-29,0.5558,0.7231,0.7322,0.1264,0.3381
2024-04-30,0.5619,0.7365,0.7419,0.1244,0.3368
2024-05-01,0.5747,0.7382,0.7431,0.1473,0.3583
2024-05-02,0.5995,0.757,0.761,0.165,0.3776
2024-05-03,0.6026,0.759,0.763,0.1635,0.3785
2024-05-06,0.6023,0.7567,0.7556,0.1599,0.3826
2024-05-07,0.6073,0.7573,0.755,0.1578,0.3831
2024-05-08,0.6021,0.7539,0.7549,0.1482,0.3764
2024-05-09,0.6028,0.7556,0.7578,0.1475,0.3762
2024-05-10,0.5976,0.7565,0.76,0.1456,0.3703
2024-05-13,0.5968,0.756,0.7614,0.146,0.3693
2024-05-14,0.5991,0.7569,0.7604,0.1442,0.3668
2024-05-15,0.5876,0.749,0.753,0.1352,0.3491
2024-05-16,0.5936,0.7525,0.7555,0.1379,0.3519
2024-05-17,0.5823,0.7455,0.7502,0.1208,0.3347
2024-05-20,0.5813,0.7459,0.7508,0.1173,0.3343
2024-05-21,0.5754,0.7457,0.7539,0.0992,0.3317
2024-05-22,0.5745,0.7456,0.7551,0.0972,0.3321
2024-05-23,0.5661,0.7426,0.7543,0.0927,0.3312
2024-05-24,0.5652,0.7424,0.7528,0.0933,0.33
2024-05-28,0.5679,0.7443,0.7538,0.0954,0.3314
2024-05-29,0.5642,0.7431,0.7527,0.0863,0.3077
2024-05-30,0.5688,0.7442,0.7522,0.0916,0.3173
2024-05-31,0.5698,0.7448,0.7403,0.0893,0.3105
2024-06-03,0.5569,0.7477,0.7392,0.0804,0.296
2024-06-04,0.5613,0.7459,0.7409,0.0849,0.3
2024-06-05,0.5611,0.7425,0.7382,0.0864,0.3087
2024-06-06,0.5671,0.7494,0.7447,0.0849,0.3192
2024-06-07,0.5666,0.7507,0.75,0.084,0.3204
2024-06-10,0.5662,0.7505,0.749,0.0817,0.3234
2024-06-11,0.5632,0.7469,0.7458,0.0775,0.3284
2024-06-12,0.5626,0.7439,0.7299,0.076,0.3268
2024-06-13,0.5722,0.7502,0.7384,0.07,0.3259
2024-06-14,0.5717,0.7514,0.7388,0.069,0.3186
2024-06-17,0.5737,0.7477,0.7361,0.0661,0.3149
2024-06-18,0.5798,0.7649,0.7552,0.0631,0.3089
2024-06-20,0.5806,0.7624,0.7534,0.0651,0.3107
2024-06-21,0.5827,0.7665,0.7562,0.06,0.3043
2024-06-24,0.5842,0.7668,0.7556,0.0611,0.3061
2024-06-25,0.5722,0.7648,0.7567,0.0386,0.2767
2024-06-26,0.5676,0.7634,0.7549,0.0311,0.2571
2024-06-27,0.5671,0.7623,0.755,0.0318,0.2581
2024-06-28,0.5656,0.7605,0.7564,0.0312,0.2545
2024-07-01,0.5581,0.7524,0.7542,0.0316,0.254
2024-07-02,0.5578,0.7501,0.7518,0.0317,0.2506
2024-07-03,0.5583,0.7501,0.7512,0.0332,0.252
2024-07-05,0.5579,0.7436,0.7432,0.036,0.2413
2024-07-08,0.5497,0.7346,0.7409,0.0316,0.2302
2024-07-09,0.5444,0.7297,0.7395,0.031,0.2303
2024-07-10,0.5445,0.73,0.7403,0.0301,0.2304
2024-07-11,0.5392,0.7258,0.737,0.0283,0.2315
2024-07-12,0.5478,0.7345,0.7454,0.022,0.1953
2024-07-15,0.5537,0.7399,0.7515,0.0225,0.1988
2024-07-16,0.5538,0.7396,0.7517,0.0215,0.1975
2024-07-17,0.5533,0.7394,0.7512,0.0214,0.1854
2024-07-18,0.5779,0.7627,0.7749,0.0135,0.218
2024-07-19,0.5682,0.7594,0.7743,0.0126,0.2131
2024-07-22,0.5684,0.7565,0.7734,0.0173,0.2072
2024-07-23,0.5651,0.7523,0.7738,0.0124,0.2128
2024-07-24,0.5651,0.7522,0.7733,0.0121,0.2145
2024-07-25,0.591,0.7659,0.7866,0.0223,0.2478
2024-07-26,0.5954,0.768,0.7874,0.0205,0.2421
2024-07-29,0.6023,0.7699,0.7905,0.0248,0.2526
2024-07-30,0.6069,0.7715,0.7895,0.0267,0.2534
2024-07-31,0.606,0.7749,0.795,0.019,0.2413
2024-08-01,0.6199,0.7868,0.8096,0.0174,0.2515
2024-08-02,0.6386,0.7977,0.8237,0.0291,0.2798
2024-08-05,0.6654,0.8097,0.8325,0.0497,0.3132
2024-08-06,0.6247,0.7943,0.8184,0.054,0.314
2024-08-07,0.6303,0.797,0.8178,0.0573,0.3196
2024-08-08,0.6367,0.799,0.8198,0.0567,0.3301
2024-08-09,0.657,0.8094,0.8287,0.0714,0.3591
2024-08-12,0.6566,0.8082,0.8279,0.0728,0.3608
2024-08-13,0.6551,0.8072,0.8264,0.0714,0.3591
2024-08-14,0.663,0.8119,0.8314,0.0763,0.366
2024-08-15,0.662,0.8115,0.8289,0.0697,0.3608
2024-08-16,0.6695,0.8162,0.8333,0.0725,0.3676
2024-08-19,0.6727,0.8165,0.8331,0.0747,0.3703
2024-08-20,0.6741,0.8183,0.8338,0.0754,0.3718
2024-08-21,0.6727,0.8169,0.8327,0.0753,0.3716
2024-08-22,0.6728,0.8172,0.8332,0.0746,0.374
2024-08-23,0.6648,0.8142,0.8307,0.0616,0.3611
2024-08-26,0.6691,0.8151,0.8326,0.066,0.37
2024-08-27,0.6729,0.8178,0.8344,0.0655,0.37
2024-08-28,0.6724,0.8179,0.8346,0.0663,0.3696
2024-08-29,0.6739,0.8183,0.8353,0.0663,0.3714
2024-08-30,0.6763,0.8186,0.8339,0.0667,0.3693
2024-09-03,0.6774,0.8189,0.8344,0.0741,0.3768
2024-09-04,0.6968,0.8315,0.8473,0.0815,0.4068
2024-09-05,0.6946,0.8325,0.8496,0.0816,0.404
2024-09-06,0.6947,0.8333,0.8508,0.0801,0.3993
2024-09-09,0.699,0.8345,0.8536,0.0942,0.4025
2024-09-10,0.7016,0.834,0.8556,0.1014,0.4095
2024-09-11,0.7025,0.8339,0.855,0.0975,0.4082
2024-09-12,0.7024,0.8372,0.8592,0.0875,0.3983
2024-09-13,0.6976,0.831,0.8557,0.0922,0.4005
2024-09-16,0.6986,0.8312,0.8578,0.0902,0.4016
2024-09-17,0.6976,0.8345,0.8604,0.0846,0.3971
2024-09-18,0.7001,0.8385,0.8609,0.0849,0.3965
2024-09-19,0.7058,0.8406,0.8641,0.0866,0.4027
2024-09-20,0.7118,0.8438,0.8668,0.0906,0.4124
2024-09-23,0.7131,0.8447,0.872,0.0882,0.4107
2024-09-24,0.7139,0.8448,0.8718,0.0897,0.411
2024-09-25,0.714,0.845,0.8724,0.0861,0.4128
2024-09-26,0.7114,0.8444,0.8722,0.0852,0.4093
2024-09-27,0.7064,0.8405,0.8707,0.0855,0.411
2024-09-30,0.706,0.8412,0.8714,0.0845,0.4089
2024-10-01,0.7055,0.8398,0.87,0.0855,0.4135
2024-10-02,0.7074,0.8409,0.8701,0.0866,0.4081
2024-10-03,0.7055,0.8394,0.8702,0.0866,0.4057
2024-10-04,0.7013,0.8373,0.8691,0.0805,0.3988
2024-10-07,0.7028,0.8377,0.8693,0.0812,0.4011
2024-10-08,0.6972,0.8336,0.8688,0.0806,0.4016
2024-10-09,0.6964,0.8303,0.8655,0.0832,0.4041
2024-10-10,0.6958,0.8296,0.8647,0.0803,0.4017
2024-10-11,0.6946,0.8289,0.8639,0.0858,0.4043
2024-10-14,0.69,0.826,0.8624,0.0783,0.3914
2024-10-15,0.6959,0.8307,0.8658,0.0783,0.3913
2024-10-16,0.6975,0.8291,0.8664,0.0764,0.397
2024-10-17,0.695,0.8274,0.8655,0.0769,0.3925
2024-10-18,0.6939,0.8264,0.8647,0.0782,0.389
2024-10-21,0.6898,0.8211,0.8626,0.0928,0.3922
2024-10-22,0.6889,0.8204,0.8616,0.0903,0.3903
2024-10-23,0.688,0.8197,0.8609,0.0889,0.3832
2024-10-24,0.688,0.8146,0.8594,0.0898,0.3928
2024-10-25,0.6989,0.8242,0.8657,0.0935,0.3886
2024-10-28,0.6953,0.8239,0.8654,0.0911,0.3876
2024-10-29,0.6947,0.8238,0.8654,0.0904,0.3872
2024-10-30,0.6943,0.8265,0.867,0.0815,0.3783
2024-10-31,0.6933,0.8263,0.8698,0.0778,0.3769
2024-11-01,0.6957,0.8276,0.8708,0.0871,0.384
2024-11-04,0.6947,0.8291,0.874,0.0875,0.3814
2024-11-05,0.6932,0.8283,0.8734,0.0844,0.3784
2024-11-06,0.6909,0.8276,0.8728,0.0863,0.3774
2024-11-07,0.6824,0.8244,0.8726,0.0921,0.3688
2024-11-08,0.687,0.8253,0.8732,0.0836,0.3637
2024-11-11,0.6846,0.8251,0.8733,0.0817,0.3575
2024-11-12,0.6793,0.8201,0.8712,0.0747,0.3474
2024-11-13,0.6795,0.8199,0.8696,0.0747,0.3505
2024-11-14,0.673,0.8154,0.8663,0.0726,0.3458
2024-11-15,0.6689,0.8127,0.8658,0.0725,0.3369
2024-11-18,0.6738,0.813,0.8673,0.0705,0.3392
2024-11-19,0.6781,0.8138,0.866,0.0782,0.3385
2024-11-20,0.6784,0.8131,0.8653,0.0779,0.3383
2024-11-21,0.6836,0.8152,0.8661,0.0803,0.3385
2024-11-22,0.687,0.8144,0.8672,0.0826,0.3431
2024-11-25,0.6857,0.8137,0.8676,0.0811,0.3379
2024-11-26,0.689,0.8141,0.8675,0.0872,0.3547
2024-11-27,0.6812,0.8083,0.8639,0.0844,0.3508
2024-11-29,0.6837,0.8114,0.8734,0.0848,0.3544
2024-12-02,0.6939,0.8118,0.8746,0.0875,0.3628
2024-12-03,0.6887,0.8129,0.8731,0.0808,0.3546
2024-12-04,0.6892,0.8133,0.873,0.0806,0.3538
2024-12-05,0.686,0.8094,0.8707,0.0799,0.35
2024-12-06,0.6857,0.8087,0.8699,0.0789,0.3525
2024-12-09,0.6857,0.808,0.8702,0.0788,0.3509
2024-12-10,0.6846,0.807,0.8714,0.0804,0.3495
2024-12-11,0.6846,0.8063,0.8801,0.082,0.3518
2024-12-12,0.6844,0.8063,0.8794,0.0838,0.341
2024-12-13,0.6843,0.8057,0.8793,0.0851,0.347
2024-12-16,0.6748,0.8057,0.8742,0.0827,0.3412
2024-12-17,0.6736,0.8058,0.8744,0.0795,0.3371
2024-12-18,0.6748,0.8084,0.8761,0.0801,0.3376
2024-12-19,0.6646,0.8006,0.8766,0.0959,0.351
2024-12-20,0.6632,0.8005,0.8735,0.0943,0.3505
2024-12-23,0.6634,0.7996,0.873,0.1028,0.36
2024-12-24,0.6629,0.7985,0.872,0.1059,0.3639
2024-12-26,0.6615,0.7975,0.872,0.1071,0.3648
2024-12-27,0.6619,0.7981,0.8722,0.1069,0.365
2024-12-30,0.6635,0.8002,0.8721,0.1074,0.3659
2024-12-31,0.6642,0.8017,0.874,0.1102,0.3732
2025-01-02,0.6635,0.8005,0.8742,0.1082,0.3724
2025-01-03,0.6608,0.7984,0.8723,0.1096,0.3701
2025-01-06,0.665,0.8029,0.8734,0.112,0.3754
2025-01-07,0.6672,0.8061,0.8738,0.1102,0.3689
2025-01-08,0.6655,0.8021,0.8706,0.1111,0.3698
2025-01-10,0.6619,0.8004,0.8689,0.1102,0.365
2025-01-13,0.6596,0.7994,0.8674,0.1223,0.3939
2025-01-14,0.6586,0.7989,0.8662,0.1214,0.388
2025-01-15,0.6586,0.7979,0.8661,0.123,0.3879
2025-01-16,0.656,0.7952,0.8677,0.1271,0.4022
2025-01-17,0.6528,0.7838,0.8591,0.1465,0.3908
2025-01-21,0.6616,0.7882,0.8602,0.1519,0.3957
2025-01-22,0.6604,0.7885,0.8594,0.148,0.3899
2025-01-23,0.6592,0.7883,0.8537,0.1447,0.3822
2025-01-24,0.6576,0.7883,0.8541,0.1449,0.3784
2025-01-27,0.6435,0.7804,0.8492,0.1324,0.3598
2025-01-28,0.6432,0.7868,0.8603,0.1074,0.3801
2025-01-29,0.6391,0.7813,0.846,0.1031,0.3729
2025-01-30,0.6357,0.7804,0.8426,0.1028,0.3715
2025-01-31,0.6371,0.7763,0.8358,0.1152,0.3849
2025-02-03,0.6292,0.7672,0.8257,0.1288,0.3816
2025-02-04,0.6274,0.7642,0.8188,0.1163,0.364
2025-02-05,0.6137,0.7555,0.813,0.0943,0.3405
2025-02-06,0.6434,0.7695,0.8261,0.0918,0.3355
2025-02-07,0.6436,0.7686,0.8268,0.0902,0.3348
2025-02-10,0.642,0.7668,0.8254,0.0929,0.3337
2025-02-11,0.6217,0.7556,0.8176,0.0765,0.306
2025-02-12,0.6246,0.7575,0.8195,0.077,0.306
2025-02-13,0.6235,0.7576,0.8193,0.0778,0.307
2025-02-14,0.6134,0.7496,0.8138,0.0756,0.2997
2025-02-18,0.6141,0.7494,0.8151,0.077,0.3
2025-02-19,0.6005,0.7374,0.8095,0.074,0.2911
2025-02-20,0.5995,0.7328,0.8049,0.0737,0.2897
2025-02-21,0.5945,0.7294,0.8031,0.0704,0.2854
2025-02-24,0.6012,0.7345,0.8065,0.0759,0.2972
2025-02-25,0.602,0.7372,0.8084,0.0748,0.2972
2025-02-26,0.6003,0.7347,0.8057,0.0799,0.2936
2025-02-27,0.5919,0.7307,0.8046,0.0751,0.2865
2025-02-28,0.6077,0.7421,0.8139,0.0673,0.2804
2025-03-03,0.6068,0.7429,0.8146,0.0706,0.2845
2025-03-04,0.6135,0.7471,0.817,0.0761,0.296
2025-03-05,0.5972,0.7448,0.8179,0.0656,0.2816
2025-03-06,0.5969,0.7451,0.8185,0.0639,0.2821
2025-03-07,0.5889,0.7408,0.8084,0.0695,0.2553
2025-03-10,0.5895,0.7392,0.8101,0.0648,0.2623
2025-03-11,0.6047,0.7468,0.8159,0.0792,0.2784
2025-03-12,0.5939,0.7379,0.8108,0.0717,0.2718
2025-03-13,0.5917,0.7377,0.811,0.0676,0.2639
2025-03-14,0.5833,0.7279,0.8045,0.0708,0.2632
2025-03-17,0.5887,0.7261,0.7992,0.0896,0.2829
2025-03-18,0.5974,0.7324,0.803,0.0925,0.2896
2025-03-19,0.5968,0.7315,0.8043,0.0926,0.288
2025-03-20,0.5984,0.7298,0.804,0.0985,0.2926
2025-03-21,0.5987,0.73,0.8045,0.0982,0.2937
2025-03-24,0.597,0.7262,0.801,0.0983,0.295
2025-03-25,0.5929,0.7223,0.7971,0.1005,0.2911
2025-03-26,0.5922,0.7206,0.7961,0.0997,0.2885
2025-03-27,0.5973,0.7246,0.7994,0.1008,0.2913
2025-03-28,0.5962,0.7241,0.7993,0.105,0.2912
2025-03-31,0.6041,0.7279,0.8026,0.1159,0.3047
2025-04-01,0.6078,0.7342,0.805,0.1141,0.3032
2025-04-02,0.6089,0.7323,0.8033,0.1151,0.3051
2025-04-03,0.6129,0.7348,0.806,0.1167,0.3082
2025-04-04,0.6714,0.7666,0.8324,0.1918,0.4079
2025-04-07,0.6882,0.7838,0.8444,0.2552,0.4574
2025-04-08,0.6807,0.7796,0.8417,0.2523,0.4505
2025-04-09,0.6837,0.7808,0.8417,0.2475,0.4485
2025-04-10,0.7946,0.8568,0.8952,0.3874,0.6017
2025-04-11,0.8065,0.8634,0.8995,0.4035,0.6097
2025-04-14,0.8066,0.8637,0.8998,0.4056,0.611
2025-04-15,0.8061,0.8639,0.9,0.4058,0.6106
2025-04-16,0.805,0.8641,0.9003,0.4068,0.6118
2025-04-17,0.8069,0.8652,0.9006,0.4106,0.6137
2025-04-21,0.8151,0.8709,0.9029,0.4222,0.6174
2025-04-22,0.8106,0.8675,0.9005,0.4239,0.6162
2025-04-23,0.8068,0.8657,0.8998,0.423,0.6187
2025-04-24,0.8083,0.8678,0.9013,0.4254,0.6209
2025-04-25,0.8096,0.8693,0.9041,0.4254,0.628
2025-04-28,0.8098,0.8693,0.9034,0.4234,0.6296
2025-04-29,0.8102,0.8711,0.9043,0.4233,0.6292
2025-04-30,0.8066,0.8681,0.9021,0.4196,0.6284
2025-05-01,0.8072,0.8674,0.9021,0.4247,0.6303
2025-05-02,0.806,0.8641,0.8987,0.4262,0.6291
2025-05-05,0.8107,0.8643,0.898,0.4387,0.6375
2025-05-06,0.8162,0.8676,0.8987,0.4466,0.6422
2025-05-07,0.8139,0.8658,0.8976,0.4434,0.641
2025-05-08,0.8133,0.8645,0.8975,0.4437,0.6414
2025-05-09,0.8134,0.8644,0.8977,0.4443,0.6405
2025-05-12,0.8121,0.8631,0.8963,0.4428,0.641
2025-05-13,0.8184,0.8677,0.8996,0.4667,0.6593
2025-05-14,0.8169,0.8678,0.8999,0.4807,0.6663
2025-05-15,0.8186,0.8683,0.9001,0.483,0.67
2025-05-16,0.822,0.872,0.9017,0.4957,0.6754
2025-05-19,0.8208,0.872,0.9028,0.4948,0.6717
2025-05-20,0.8238,0.8742,0.9047,0.4966,0.6746
2025-05-21,0.8246,0.875,0.9047,0.4963,0.6811
2025-05-22,0.8234,0.8742,0.9038,0.5052,0.6828
2025-05-23,0.8228,0.8731,0.9036,0.5051,0.6841
2025-05-27,0.8232,0.8738,0.9045,0.5064,0.684
2025-05-28,0.8253,0.8753,0.9056,0.5103,0.6874
2025-05-29,0.8252,0.8761,0.9055,0.5092,0.6869
2025-05-30,0.8253,0.8761,0.9055,0.5113,0.6913
2025-06-02,0.8232,0.8745,0.9045,0.5081,0.6884
2025-06-03,0.8271,0.878,0.9077,0.5086,0.6879
2025-06-04,0.826,0.8764,0.9078,0.5082,0.6881
2025-06-05,0.8242,0.8754,0.9064,0.5049,0.6867
2025-06-06,0.8276,0.8752,0.9075,0.5163,0.6977
2025-06-09,0.827,0.8756,0.9082,0.5154,0.6975
2025-06-10,0.8235,0.8722,0.907,0.5114,0.6933
2025-06-11,0.8247,0.873,0.9067,0.513,0.6862
2025-06-12,0.8248,0.8734,0.9067,0.5133,0.6869
2025-06-13,0.8245,0.8737,0.9057,0.515,0.6873
2025-06-16,0.8273,0.8764,0.9055,0.5203,0.6898
2025-06-17,0.8271,0.8759,0.9052,0.5241,0.6945
2025-06-18,0.8268,0.8756,0.9052,0.5241,0.6944
2025-06-20,0.8322,0.8769,0.9088,0.5281,0.701
2025-06-23,0.8328,0.8767,0.9088,0.5299,0.7023
2025-06-24,0.8319,0.8763,0.9083,0.528,0.6996
2025-06-25,0.8305,0.8767,0.9068,0.5259,0.6955
2025-06-26,0.832,0.8772,0.9095,0.5275,0.6914
2025-06-27,0.8321,0.8767,0.9098,0.5276,0.6905
2025-06-30,0.8333,0.8775,0.9113,0.5301,0.694
2025-07-01,0.8332,0.8773,0.9097,0.5287,0.6932
2025-07-02,0.8331,0.8768,0.9093,0.5276,0.6925
2025-07-03,0.8331,0.8776,0.91,0.525,0.6905
2025-07-07,0.8318,0.8762,0.9083,0.5224,0.6887
2025-07-08,0.832,0.8762,0.9081,0.5244,0.6885
2025-07-09,0.8299,0.8744,0.9078,0.5174,0.6871
2025-07-10,0.8286,0.8732,0.9073,0.5166,0.6855
2025-07-11,0.8305,0.8724,0.9062,0.5236,0.6935
2025-07-14,0.8303,0.8736,0.9073,0.5219,0.6937
2025-07-15,0.8302,0.8725,0.9075,0.5201,0.6931
2025-07-16,0.8268,0.8712,0.9073,0.5081,0.6869
2025-07-17,0.8264,0.8711,0.9072,0.5082,0.6907
2025-07-18,0.8261,0.8711,0.9068,0.5084,0.691
2025-07-21,0.8269,0.8727,0.9069,0.5098,0.6907
2025-07-22,0.827,0.8736,0.9082,0.5102,0.6928
2025-07-23,0.8255,0.8728,0.9082,0.5058,0.6917
2025-07-24,0.8217,0.8713,0.9066,0.5026,0.6844
2025-07-25,0.8216,0.8711,0.908,0.5059,0.6872
2025-07-28,0.8222,0.8712,0.9081,0.5059,0.6879
2025-07-29,0.821,0.8706,0.9078,0.5038,0.6839
2025-07-30,0.8384,0.8743,0.9038,0.5596,0.6906
2025-07-31,0.8388,0.8771,0.9127,0.5593,0.6907
2025-08-01,0.8352,0.8732,0.9112,0.5588,0.6851
2025-08-04,0.8337,0.8719,0.9113,0.5562,0.683
2025-08-05,0.8327,0.8702,0.91,0.5569,0.6841
2025-08-06,0.8327,0.8701,0.9095,0.5572,0.6831
2025-08-07,0.8286,0.8642,0.9056,0.5565,0.6834
2025-08-08,0.8269,0.8644,0.9031,0.5464,0.6828
2025-08-11,0.8273,0.8649,0.9032,0.5482,0.6831
2025-08-12,0.8268,0.8646,0.9026,0.5477,0.6832
2025-08-13,0.8264,0.8641,0.9023,0.5547,0.6835
2025-08-14,0.8259,0.8627,0.9005,0.5553,0.6833
2025-08-15,0.8263,0.8626,0.9005,0.5551,0.6822
2025-08-18,0.8239,0.8615,0.8998,0.5565,0.6825
2025-08-19,0.8238,0.8616,0.8999,0.5565,0.6826
2025-08-20,0.8247,0.8631,0.8996,0.5535,0.6795
2025-08-21,0.8258,0.8652,0.9019,0.5531,0.681
2025-08-22,0.8267,0.866,0.9024,0.5589,0.6829
2025-08-25,0.8262,0.8654,0.9015,0.5591,0.6823
2025-08-26,0.8274,0.8649,0.9011,0.5651,0.6808
2025-08-27,0.8281,0.8643,0.9007,0.5675,0.6869
2025-08-28,0.8302,0.8658,0.9003,0.5702,0.6887
2025-08-29,0.8342,0.8638,0.8974,0.5998,0.7048
2025-09-02,0.8329,0.864,0.8975,0.594,0.7055
2025-09-03,0.8312,0.8624,0.8964,0.5947,0.7031
2025-09-04,0.8356,0.8607,0.8954,0.6287,0.7171
2025-09-05,0.835,0.8603,0.895,0.6285,0.7157
2025-09-08,0.8308,0.8568,0.892,0.6088,0.7149
2025-09-09,0.8335,0.8593,0.8923,0.6193,0.7137
2025-09-10,0.8293,0.8569,0.8908,0.6112,0.7099
2025-09-11,0.8277,0.8545,0.8908,0.6063,0.7114
2025-09-12,0.8281,0.8542,0.8904,0.6046,0.7141
2025-09-15,0.831,0.8589,0.8947,0.6038,0.713
2025-09-16,0.8297,0.8578,0.8946,0.5996,0.7107
2025-09-17,0.8289,0.8576,0.8939,0.5982,0.7095
2025-09-18,0.8287,0.8588,0.894,0.5961,0.7083
2025-09-19,0.8239,0.8567,0.8944,0.5904,0.7104
2025-09-22,0.8216,0.8539,0.8903,0.5903,0.7091
2025-09-23,0.8224,0.8559,0.8921,0.5881,0.7082
2025-09-24,0.8205,0.8541,0.8903,0.5848,0.706
2025-09-25,0.8213,0.8559,0.8906,0.5871,0.7062
2025-09-26,0.8202,0.8544,0.8896,0.5899,0.7063
2025-09-29,0.8213,0.8548,0.8895,0.5902,0.7043
2025-09-30,0.8189,0.8535,0.8878,0.5845,0.7004
2025-10-01,0.8212,0.8534,0.8879,0.5883,0.7026
2025-10-02,0.8202,0.8537,0.8886,0.5793,0.6988
2025-10-03,0.818,0.8526,0.8874,0.5777,0.6986
2025-10-06,0.7982,0.8388,0.8735,0.5292,0.6597
2025-10-07,0.7819,0.826,0.8627,0.4954,0.6379
2025-10-08,0.7876,0.8288,0.8642,0.4967,0.6492
2025-10-09,0.7798,0.8248,0.8625,0.4861,0.6488
2025-10-10,0.6106,0.6885,0.756,0.2594,0.4189
2025-10-13,0.5749,0.6719,0.7472,0.2378,0.4063
2025-10-14,0.582,0.6792,0.7515,0.2371,0.4048
2025-10-15,0.5815,0.6811,0.7555,0.2207,0.3803
2025-10-16,0.5783,0.6774,0.7524,0.2156,0.3646
2025-10-17,0.5535,0.6611,0.7419,0.1824,0.3464
2025-10-20,0.5504,0.657,0.7409,0.1802,0.3499
2025-10-21,0.558,0.663,0.746,0.173,0.3459
2025-10-22,0.5749,0.6733,0.7492,0.1727,0.3354
2025-10-23,0.5674,0.6687,0.7448,0.1677,0.338
2025-10-24,0.5438,0.648,0.7273,0.1572,0.3138
2025-10-27,0.5457,0.651,0.7307,0.1624,0.3129
2025-10-28,0.5515,0.656,0.7344,0.164,0.3149
2025-10-29,0.5626,0.6631,0.7366,0.173,0.3212
2025-10-30,0.5591,0.6634,0.7365,0.1568,0.321
2025-10-31,0.568,0.677,0.7511,0.1538,0.3262
2025-11-03,0.5579,0.6713,0.748,0.1381,0.3116
2025-11-04,0.5562,0.6699,0.7471,0.1353,0.3104
2025-11-05,0.567,0.6834,0.7582,0.1187,0.3209
2025-11-06,0.5606,0.6803,0.7454,0.1174,0.3179
2025-11-07,0.5695,0.6888,0.7515,0.1185,0.322
2025-11-10,0.5707,0.6925,0.7556,0.1143,0.3169
2025-11-11,0.5232,0.6552,0.7256,0.085,0.258
2025-11-12,0.5094,0.6457,0.7223,0.0783,0.2501
2025-11-13,0.5062,0.6407,0.7207,0.081,0.251
2025-11-14,0.5294,0.6549,0.7324,0.0949,0.2808
2025-11-17,0.5341,0.6565,0.7299,0.0968,0.2885
2025-11-18,0.54,0.6606,0.7322,0.1051,0.2972
2025-11-19,0.5463,0.6661,0.737,0.1043,0.2992
2025-11-20,0.5454,0.6631,0.7356,0.0965,0.2921
2025-11-21,0.5658,0.6844,0.7533,0.1044,0.3183
2025-11-24,0.561,0.6823,0.7512,0.1044,0.3164
2025-11-25,0.5652,0.6888,0.7534,0.0935,0.2941
2025-11-26,0.5593,0.6871,0.7531,0.091,0.2871
2025-11-28,0.5618,0.6878,0.7542,0.095,0.2898
2025-12-01,0.5656,0.693,0.7579,0.0999,0.2958
2025-12-02,0.5625,0.6914,0.7572,0.1001,0.2911
2025-12-03,0.5591,0.6926,0.7555,0.0988,0.2905
2025-12-04,0.5617,0.6895,0.7528,0.1074,0.2962
2025-12-05,0.5599,0.6896,0.7474,0.1057,0.2904
2025-12-08,0.5643,0.6921,0.7489,0.1057,0.2887
2025-12-09,0.565,0.6953,0.7531,0.11,0.2923
2025-12-10,0.5638,0.6949,0.7547,0.1109,0.3015
2025-12-11,0.5647,0.6946,0.7542,0.1129,0.3001
2025-12-12,0.5637,0.6954,0.7582,0.1038,0.2907
2025-12-15,0.5648,0.7019,0.768,0.0841,0.2856
2025-12-16,0.56,0.6975,0.7634,0.0775,0.2815
2025-12-17,0.5613,0.6969,0.7618,0.077,0.2804
2025-12-18,0.5722,0.7071,0.7696,0.0754,0.2995
2025-12-19,0.5746,0.7098,0.7717,0.0737,0.3031
2025-12-22,0.5834,0.716,0.7767,0.0758,0.3115
2025-12-23,0.5775,0.7112,0.7734,0.0676,0.3083
2025-12-24,0.5777,0.7109,0.773,0.0686,0.3161
2025-12-26,0.5788,0.7122,0.773,0.068,0.3169
2025-12-29,0.5817,0.7133,0.7728,0.0684,0.3225
2025-12-30,0.584,0.716,0.7778,0.0699,0.3244
2025-12-31,0.584,0.7177,0.7788,0.0713,0.3264
2026-01-02,0.5852,0.7183,0.7787,0.0748,0.3313
2026-01-05,0.5712,0.687,0.7588,0.075,0.3513
2026-01-06,0.5685,0.6859,0.7564,0.0734,0.3518
2026-01-07,0.5747,0.6906,0.7593,0.081,0.3649
2026-01-08,0.5781,0.6901,0.7588,0.0843,0.3644
2026-01-09,0.5749,0.6939,0.764,0.0802,0.3507
2026-01-12,0.5774,0.6958,0.7662,0.076,0.3572
2026-01-13,0.5805,0.7007,0.7672,0.0779,0.3616
2026-01-14,0.5844,0.6994,0.7647,0.0774,0.3691
2026-01-15,0.5864,0.6965,0.7631,0.079,0.3698
2026-01-16,0.5883,0.6986,0.7653,0.0805,0.3747
2026-01-20,0.5839,0.6943,0.7626,0.0805,0.3766
2026-01-21,0.5717,0.6902,0.7552,0.0866,0.3788
2026-01-22,0.5812,0.6937,0.7559,0.092,0.3933
2026-01-23,0.5916,0.695,0.7584,0.0942,0.4156
2026-01-26,0.5896,0.6901,0.7565,0.0977,0.4178
2026-01-27,0.5863,0.6871,0.7518,0.0968,0.423
2026-01-28,0.59,0.69,0.7531,0.0946,0.4291
2026-01-29,0.5819,0.6857,0.752,0.0934,0.4188
2026-01-30,0.5827,0.6836,0.7416,0.0922,0.4166
2026-02-02,0.5752,0.6904,0.7527,0.0876,0.4173
2026-02-03,0.5843,0.6982,0.7585,0.0866,0.4189
2026-02-04,0.5971,0.7088,0.7653,0.0894,0.4
2026-02-05,0.5906,0.7166,0.7746,0.0747,0.3773
2026-02-06,0.5876,0.7234,0.7749,0.0754,0.3765
2026-02-09,0.6098,0.7334,0.7872,0.0977,0.408
2026-02-10,0.6123,0.7354,0.7858,0.0951,0.4085
2026-02-11,0.6125,0.7355,0.7864,0.0958,0.4079
2026-02-12,0.5998,0.7286,0.7796,0.0779,0.4036
2026-02-13,0.6035,0.7324,0.7827,0.0858,0.4104
2026-02-17,0.6031,0.7325,0.7827,0.086,0.4137
2026-02-18,0.6045,0.7349,0.7839,0.0791,0.4099
2026-02-19,0.6049,0.7348,0.7836,0.08,0.409
